,Date,BTC Close,S&P Close,GOLD Close,USD Close
0,2023-05-05,29534.384765625,4136.25,2017.4000244140625,101.20999908447266
1,2023-05-08,27694.2734375,4138.1201171875,2026.300048828125,101.37000274658205
2,2023-05-09,27658.775390625,4119.169921875,2036.199951171875,101.63999938964844
3,2023-05-10,27621.755859375,4137.64013671875,2030.5,101.4800033569336
4,2023-05-11,27000.7890625,4130.6201171875,2014.699951171875,102.05999755859376
5,2023-05-12,26804.990234375,4124.080078125,2014.5,102.68000030517578
6,2023-05-15,27192.693359375,4136.27978515625,2018.0,102.43000030517578
7,2023-05-16,27036.650390625,4109.89990234375,1988.4000244140625,102.55999755859376
8,2023-05-17,27398.802734375,4158.77001953125,1980.699951171875,102.87999725341795
9,2023-05-18,26832.208984375,4198.0498046875,1956.5,103.58000183105467
10,2023-05-19,26890.12890625,4191.97998046875,1978.699951171875,103.1999969482422
11,2023-05-22,26851.27734375,4192.6298828125,1974.800048828125,103.1999969482422
12,2023-05-23,27225.7265625,4145.580078125,1972.4000244140625,103.48999786376952
13,2023-05-24,26334.818359375,4115.240234375,1962.800048828125,103.88999938964844
14,2023-05-25,26476.20703125,4151.27978515625,1943.0999755859373,104.20999908447266
15,2023-05-26,26719.291015625,4205.4501953125,1944.0999755859373,104.20999908447266
16,2023-05-30,27702.349609375,4205.52001953125,1958.0,104.16999816894533
17,2023-05-31,27219.658203125,4179.830078125,1963.9000244140625,104.31999969482422
18,2023-06-01,26819.97265625,4221.02001953125,1978.0,103.55999755859376
19,2023-06-02,27249.58984375,4282.3701171875,1952.4000244140625,104.0199966430664
20,2023-06-05,25760.09765625,4273.7900390625,1958.0,104.0
21,2023-06-06,27238.783203125,4283.85009765625,1965.5,104.12999725341795
22,2023-06-07,26345.998046875,4267.52001953125,1942.699951171875,104.0999984741211
23,2023-06-08,26508.216796875,4293.93017578125,1963.5999755859373,103.33999633789062
24,2023-06-09,26480.375,4298.85986328125,1962.199951171875,103.55999755859376
25,2023-06-12,25902.5,4338.93017578125,1955.300048828125,103.62999725341795
26,2023-06-13,25918.728515625,4369.009765625,1944.5999755859373,103.33999633789062
27,2023-06-14,25124.67578125,4372.58984375,1955.300048828125,103.01000213623048
28,2023-06-15,25576.39453125,4425.83984375,1957.800048828125,102.12000274658205
29,2023-06-16,26327.462890625,4409.58984375,1958.4000244140625,102.3000030517578
30,2023-06-20,28327.48828125,4388.7099609375,1935.5,102.54000091552734
31,2023-06-21,30027.296875,4365.68994140625,1933.300048828125,102.06999969482422
32,2023-06-22,29912.28125,4381.89013671875,1912.699951171875,102.38999938964844
33,2023-06-23,30695.46875,4348.330078125,1919.0999755859373,102.9000015258789
34,2023-06-26,30271.130859375,4328.81982421875,1923.699951171875,102.69000244140624
35,2023-06-27,30688.1640625,4378.41015625,1914.0,102.48999786376952
36,2023-06-28,30086.24609375,4376.85986328125,1912.300048828125,102.91000366210938
37,2023-06-29,30445.3515625,4396.43994140625,1909.199951171875,103.33999633789062
38,2023-06-30,30477.251953125,4450.3798828125,1921.0999755859373,102.91000366210938
39,2023-07-03,31156.439453125,4455.58984375,1921.699951171875,102.98999786376952
40,2023-07-05,30514.166015625,4446.81982421875,1919.5999755859373,103.37000274658205
41,2023-07-06,29909.337890625,4411.58984375,1908.699951171875,103.16999816894533
42,2023-07-07,30342.265625,4398.9501953125,1926.199951171875,102.2699966430664
43,2023-07-10,30414.470703125,4409.52978515625,1925.0,101.97000122070312
44,2023-07-11,30620.951171875,4439.259765625,1931.300048828125,101.7300033569336
45,2023-07-12,30391.646484375,4472.16015625,1956.199951171875,100.5199966430664
46,2023-07-13,31476.048828125,4510.0400390625,1959.199951171875,99.7699966430664
47,2023-07-14,30334.068359375,4505.419921875,1960.0999755859373,99.91000366210938
48,2023-07-17,30145.888671875,4522.7900390625,1952.4000244140625,99.83999633789062
49,2023-07-18,29856.5625,4554.97998046875,1977.199951171875,99.94000244140624
50,2023-07-19,29913.923828125,4565.72021484375,1977.5,100.27999877929688
51,2023-07-20,29792.015625,4534.8701171875,1968.300048828125,100.87999725341795
52,2023-07-21,29908.744140625,4536.33984375,1964.300048828125,101.06999969482422
53,2023-07-24,29176.916015625,4554.64013671875,1960.300048828125,101.3499984741211
54,2023-07-25,29227.390625,4567.4599609375,1962.0999755859373,101.3499984741211
55,2023-07-26,29354.97265625,4566.75,1968.9000244140625,100.88999938964844
56,2023-07-27,29210.689453125,4537.41015625,1945.4000244140625,101.7699966430664
57,2023-07-28,29319.24609375,4582.22998046875,1960.4000244140625,101.62000274658205
58,2023-07-31,29230.111328125,4588.9599609375,1970.5,101.86000061035156
59,2023-08-01,29675.732421875,4576.72998046875,1940.699951171875,102.3000030517578
60,2023-08-02,29151.958984375,4513.39013671875,1937.4000244140625,102.58999633789062
61,2023-08-03,29178.6796875,4501.89013671875,1932.0,102.54000091552734
62,2023-08-04,29074.091796875,4478.02978515625,1939.5999755859373,102.0199966430664
63,2023-08-07,29180.578125,4518.43994140625,1933.5,102.0500030517578
64,2023-08-08,29765.4921875,4499.3798828125,1924.0999755859373,102.52999877929688
65,2023-08-09,29561.494140625,4467.7099609375,1915.4000244140625,102.48999786376952
66,2023-08-10,29429.591796875,4468.830078125,1914.4000244140625,102.5199966430664
67,2023-08-11,29397.71484375,4464.0498046875,1912.9000244140625,102.83999633789062
68,2023-08-14,29408.443359375,4489.72021484375,1910.5999755859373,103.19000244140624
69,2023-08-15,29170.34765625,4437.85986328125,1902.5,103.20999908447266
70,2023-08-16,28701.779296875,4404.330078125,1896.0999755859373,103.41999816894533
71,2023-08-17,26664.55078125,4370.35986328125,1884.0999755859373,103.44000244140624
72,2023-08-18,26049.556640625,4369.7099609375,1886.0999755859373,103.37999725341795
73,2023-08-21,26124.140625,4399.77001953125,1893.300048828125,103.33000183105467
74,2023-08-22,26031.65625,4387.5498046875,1896.4000244140625,103.55999755859376
75,2023-08-23,26431.640625,4436.009765625,1918.5,103.36000061035156
76,2023-08-24,26162.373046875,4376.31005859375,1918.199951171875,103.9800033569336
77,2023-08-25,26047.66796875,4405.7099609375,1911.0999755859373,104.08000183105467
78,2023-08-28,26106.150390625,4433.31005859375,1917.9000244140625,104.05999755859376
79,2023-08-29,27727.392578125,4497.6298828125,1936.5,103.5500030517578
80,2023-08-30,27297.265625,4514.8701171875,1944.300048828125,103.16000366210938
81,2023-08-31,25931.47265625,4507.66015625,1938.199951171875,103.62000274658205
82,2023-09-01,25800.724609375,4515.77001953125,1939.800048828125,104.23999786376952
83,2023-09-05,25779.982421875,4496.830078125,1926.199951171875,104.80999755859376
84,2023-09-06,25753.236328125,4465.47998046875,1918.0999755859373,104.86000061035156
85,2023-09-07,26240.1953125,4451.14013671875,1917.5,105.05999755859376
86,2023-09-08,25905.654296875,4457.490234375,1918.4000244140625,105.08999633789062
87,2023-09-11,25162.654296875,4487.4599609375,1923.300048828125,104.56999969482422
88,2023-09-12,25833.34375,4461.89990234375,1911.300048828125,104.70999908447266
89,2023-09-13,26228.32421875,4467.43994140625,1909.0999755859373,104.7699966430664
90,2023-09-14,26539.673828125,4505.10009765625,1910.0,105.41000366210938
91,2023-09-15,26608.693359375,4450.31982421875,1923.699951171875,105.31999969482422
92,2023-09-18,26754.28125,4453.52978515625,1931.5,105.1999969482422
93,2023-09-19,27211.1171875,4443.9501953125,1932.0,105.1999969482422
94,2023-09-20,27132.0078125,4402.2001953125,1945.5999755859373,105.16000366210938
95,2023-09-21,26567.6328125,4330.0,1919.199951171875,105.36000061035156
96,2023-09-22,26579.568359375,4320.06005859375,1925.4000244140625,105.58000183105467
97,2023-09-25,26298.48046875,4337.43994140625,1916.5999755859373,106.0
98,2023-09-26,26217.25,4273.52978515625,1900.4000244140625,106.2300033569336
99,2023-09-27,26352.716796875,4274.509765625,1871.5999755859373,106.66999816894533
100,2023-09-28,27021.546875,4299.7001953125,1860.4000244140625,106.22000122070312
101,2023-09-29,26911.720703125,4288.0498046875,1848.0999755859373,106.16999816894533
102,2023-10-02,27530.78515625,4288.39013671875,1830.0,106.9000015258789
103,2023-10-03,27429.978515625,4229.4501953125,1824.5999755859373,107.0
104,2023-10-04,27799.39453125,4263.75,1818.5,106.8000030517578
105,2023-10-05,27415.912109375,4258.18994140625,1816.5999755859373,106.33000183105467
106,2023-10-06,27946.59765625,4308.5,1830.199951171875,106.04000091552734
107,2023-10-09,27583.677734375,4335.66015625,1849.5,106.08000183105467
108,2023-10-10,27391.01953125,4358.240234375,1861.0,105.83000183105467
109,2023-10-11,26873.3203125,4376.9501953125,1872.800048828125,105.81999969482422
110,2023-10-12,26756.798828125,4349.60986328125,1869.300048828125,106.56999969482422
111,2023-10-13,26862.375,4327.77978515625,1927.4000244140625,106.6500015258789
112,2023-10-16,28519.466796875,4373.6298828125,1921.0999755859373,106.23999786376952
113,2023-10-17,28415.748046875,4373.2001953125,1922.699951171875,106.25
114,2023-10-18,28328.341796875,4314.60009765625,1955.300048828125,106.56999969482422
115,2023-10-19,28719.806640625,4278.0,1968.4000244140625,106.25
116,2023-10-20,29682.94921875,4224.16015625,1982.5,106.16000366210938
117,2023-10-23,33086.234375,4217.0400390625,1976.300048828125,105.54000091552734
118,2023-10-24,33901.52734375,4247.68017578125,1975.0,106.2699966430664
119,2023-10-25,34502.8203125,4186.77001953125,1984.0999755859373,106.52999877929688
120,2023-10-26,34156.6484375,4137.22998046875,1987.199951171875,106.5999984741211
121,2023-10-27,33909.80078125,4117.3701171875,1988.5999755859373,106.55999755859376
122,2023-10-30,34502.36328125,4166.81982421875,1996.199951171875,106.12000274658205
123,2023-10-31,34667.78125,4193.7998046875,1985.199951171875,106.66000366210938
124,2023-11-01,35437.25390625,4237.85986328125,1978.800048828125,106.87999725341795
125,2023-11-02,34938.2421875,4317.77978515625,1985.5999755859373,106.12000274658205
126,2023-11-03,34732.32421875,4358.33984375,1991.5,105.0199966430664
127,2023-11-06,35037.37109375,4365.97998046875,1981.5999755859373,105.22000122070312
128,2023-11-07,35443.5625,4378.3798828125,1966.800048828125,105.54000091552734
129,2023-11-08,35655.27734375,4382.77978515625,1951.5,105.58999633789062
130,2023-11-09,36693.125,4347.35009765625,1964.199951171875,105.91000366210938
131,2023-11-10,37313.96875,4415.240234375,1932.5999755859373,105.86000061035156
132,2023-11-13,36502.35546875,4411.5498046875,1945.5,105.66000366210938
133,2023-11-14,35537.640625,4495.7001953125,1961.800048828125,104.11000061035156
134,2023-11-15,37880.58203125,4502.8798828125,1960.0999755859373,104.38999938964844
135,2023-11-16,36154.76953125,4508.240234375,1983.9000244140625,104.37000274658205
136,2023-11-17,36596.68359375,4514.02001953125,1981.5999755859373,103.81999969482422
137,2023-11-20,37476.95703125,4547.3798828125,1977.699951171875,103.47000122070312
138,2023-11-21,35813.8125,4538.18994140625,1999.300048828125,103.58999633789062
139,2023-11-22,37432.33984375,4556.6201171875,1991.4000244140625,103.91999816894533
140,2023-11-24,37720.28125,4559.33984375,2002.199951171875,103.4000015258789
141,2023-11-27,37254.16796875,4550.43017578125,2011.800048828125,103.1999969482422
142,2023-11-28,37831.0859375,4554.89013671875,2039.699951171875,102.75
143,2023-11-29,37858.4921875,4550.580078125,2047.0999755859373,102.7699966430664
144,2023-11-30,37712.74609375,4567.7998046875,2038.0999755859373,103.5
145,2023-12-01,38688.75,4594.6298828125,2071.0,103.2699966430664
146,2023-12-04,41980.09765625,4569.77978515625,2024.0999755859373,103.63999938964844
147,2023-12-05,44080.6484375,4567.18017578125,2018.5,104.0500030517578
148,2023-12-06,43746.4453125,4549.33984375,2030.5,104.1500015258789
149,2023-12-07,43292.6640625,4585.58984375,2029.9000244140625,103.54000091552734
150,2023-12-08,44166.6015625,4604.3701171875,1998.300048828125,104.01000213623048
151,2023-12-11,41243.83203125,4622.43994140625,1978.0,104.0999984741211
152,2023-12-12,41450.22265625,4643.7001953125,1977.800048828125,103.87000274658205
153,2023-12-13,42890.7421875,4707.08984375,1982.300048828125,102.87000274658205
154,2023-12-14,43023.97265625,4719.5498046875,2030.199951171875,101.95999908447266
155,2023-12-15,41929.7578125,4719.18994140625,2021.0999755859373,102.5500030517578
156,2023-12-18,42623.5390625,4740.56005859375,2026.300048828125,102.51000213623048
157,2023-12-19,42270.52734375,4768.3701171875,2038.4000244140625,102.16999816894533
158,2023-12-20,43652.25,4698.35009765625,2034.5,102.41000366210938
159,2023-12-21,43869.15234375,4746.75,2039.0999755859373,101.83999633789062
160,2023-12-22,43997.90234375,4754.6298828125,2057.10009765625,101.6999969482422
161,2023-12-26,42520.40234375,4774.75,2058.199951171875,101.47000122070312
162,2023-12-27,43442.85546875,4781.580078125,2081.89990234375,100.98999786376952
163,2023-12-28,42627.85546875,4783.35009765625,2073.89990234375,101.2300033569336
164,2023-12-29,42099.40234375,4769.830078125,2062.39990234375,101.33000183105467
165,2024-01-02,44957.96875,4742.830078125,2064.39990234375,102.1999969482422
166,2024-01-03,42848.17578125,4704.81005859375,2034.199951171875,102.45999908447266
167,2024-01-04,44179.921875,4688.68017578125,2042.300048828125,102.41999816894533
168,2024-01-05,44162.69140625,4697.240234375,2042.4000244140625,102.41000366210938
169,2024-01-08,46970.50390625,4763.5400390625,2026.5999755859373,102.20999908447266
170,2024-01-09,46139.73046875,4756.5,2026.4000244140625,102.56999969482422
171,2024-01-10,46627.77734375,4783.4501953125,2021.699951171875,102.36000061035156
172,2024-01-11,46368.5859375,4780.240234375,2014.300048828125,102.29000091552734
173,2024-01-12,42853.16796875,4783.830078125,2046.699951171875,102.4000015258789
174,2024-01-16,43154.9453125,4765.97998046875,2026.0,103.36000061035156
175,2024-01-17,42742.65234375,4739.2099609375,2002.5999755859373,103.4499969482422
176,2024-01-18,41262.05859375,4780.93994140625,2018.5999755859373,103.54000091552734
177,2024-01-19,41618.40625,4839.81005859375,2026.5,103.29000091552734
178,2024-01-22,39507.3671875,4850.43017578125,2019.800048828125,103.33000183105467
179,2024-01-23,39845.55078125,4864.60009765625,2023.699951171875,103.62000274658205
180,2024-01-24,40077.07421875,4868.5498046875,2013.9000244140625,103.23999786376952
181,2024-01-25,39933.80859375,4894.16015625,2016.9000244140625,103.56999969482422
182,2024-01-26,41816.87109375,4890.97021484375,2016.800048828125,103.47000122070312
183,2024-01-29,43288.24609375,4927.93017578125,2025.199951171875,103.61000061035156
184,2024-01-30,42952.609375,4924.97021484375,2031.5,103.4000015258789
185,2024-01-31,42582.60546875,4845.64990234375,2048.39990234375,103.2699966430664
186,2024-02-01,43075.7734375,4906.18994140625,2053.0,103.0500030517578
187,2024-02-02,43185.859375,4958.60986328125,2036.0999755859373,103.91999816894533
188,2024-02-05,42658.66796875,4942.81005859375,2025.699951171875,104.4499969482422
189,2024-02-06,43084.671875,4954.22998046875,2034.5,104.18000030517578
190,2024-02-07,44318.22265625,4995.06005859375,2035.199951171875,104.04000091552734
191,2024-02-08,45301.56640625,4997.91015625,2032.199951171875,104.1500015258789
192,2024-02-09,47147.19921875,5026.60986328125,2023.300048828125,104.08000183105467
193,2024-02-12,49958.22265625,5021.83984375,2018.199951171875,104.16999816894533
194,2024-02-13,49742.44140625,4953.169921875,1992.9000244140625,104.95999908447266
195,2024-02-14,51826.6953125,5000.6201171875,1990.300048828125,104.72000122070312
196,2024-02-15,51938.5546875,5029.72998046875,2002.0999755859373,104.3000030517578
197,2024-02-16,52160.203125,5005.56982421875,2011.5,104.27999877929688
198,2024-02-20,52284.875,4975.509765625,2027.5,104.08000183105467
199,2024-02-21,51839.1796875,4981.7998046875,2022.300048828125,104.01000213623048
200,2024-02-22,51304.97265625,5087.02978515625,2019.699951171875,103.95999908447266
201,2024-02-23,50731.94921875,5088.7998046875,2038.5999755859373,103.94000244140624
202,2024-02-26,54522.40234375,5069.52978515625,2028.5,103.83000183105467
203,2024-02-27,57085.37109375,5078.18017578125,2034.0,103.83000183105467
204,2024-02-28,62504.7890625,5069.759765625,2033.0,103.9800033569336
205,2024-02-29,61198.3828125,5096.27001953125,2045.699951171875,104.16000366210938
206,2024-03-01,62440.6328125,5137.080078125,2086.89990234375,103.86000061035156
207,2024-03-04,68330.4140625,5130.9501953125,2117.699951171875,103.83000183105467
208,2024-03-05,63801.19921875,5078.64990234375,2133.5,103.8000030517578
209,2024-03-06,66106.8046875,5104.759765625,2150.300048828125,103.37000274658205
210,2024-03-07,66925.484375,5157.35986328125,2158.0,102.81999969482422
211,2024-03-08,68300.09375,5123.68994140625,2178.60009765625,102.73999786376952
212,2024-03-11,72123.90625,5117.93994140625,2182.5,102.87000274658205
213,2024-03-12,71481.2890625,5175.27001953125,2160.39990234375,102.95999908447266
214,2024-03-13,73083.5,5165.31005859375,2175.39990234375,102.79000091552734
215,2024-03-14,71396.59375,5150.47998046875,2163.0,103.36000061035156
216,2024-03-15,69403.7734375,5117.08984375,2157.300048828125,103.43000030517578
217,2024-03-18,67548.59375,5149.419921875,2160.699951171875,103.58000183105467
218,2024-03-19,61912.7734375,5178.509765625,2156.300048828125,103.80999755859376
219,2024-03-20,67913.671875,5224.6201171875,2157.89990234375,103.41000366210938
220,2024-03-21,65491.390625,5241.52978515625,2182.39990234375,104.0
221,2024-03-22,63778.76171875,5234.18017578125,2158.10009765625,104.43000030517578
222,2024-03-25,69958.8125,5218.18994140625,2174.800048828125,104.2300033569336
223,2024-03-26,69987.8359375,5203.580078125,2175.60009765625,104.29000091552734
224,2024-03-27,69455.34375,5248.490234375,2190.60009765625,104.3499984741211
225,2024-03-28,70744.953125,5254.35009765625,2217.39990234375,104.5500030517578
226,2024-04-01,69702.1484375,5243.77001953125,2236.5,105.0199966430664
227,2024-04-02,65446.97265625,5205.81005859375,2261.0,104.81999969482422
228,2024-04-03,65980.8125,5211.490234375,2294.39990234375,104.25
229,2024-04-04,68508.84375,5147.2099609375,2288.800048828125,104.12000274658205
230,2024-04-05,67837.640625,5204.33984375,2325.699951171875,104.3000030517578
231,2024-04-08,71631.359375,5202.39013671875,2331.699951171875,104.13999938964844
232,2024-04-09,69139.015625,5209.91015625,2343.5,104.1500015258789
233,2024-04-10,70587.8828125,5160.64013671875,2329.60009765625,105.25
234,2024-04-11,70060.609375,5199.06005859375,2354.800048828125,105.27999877929688
235,2024-04-12,67195.8671875,5123.41015625,2356.199951171875,106.04000091552734
236,2024-04-15,63426.2109375,5061.81982421875,2365.800048828125,106.20999908447266
237,2024-04-16,63811.86328125,5051.41015625,2390.800048828125,106.26000213623048
238,2024-04-17,61276.69140625,5022.2099609375,2371.699951171875,105.9499969482422
239,2024-04-18,63512.75390625,5011.1201171875,2382.300048828125,106.1500015258789
240,2024-04-19,63843.5703125,4967.22998046875,2398.39990234375,106.1500015258789
241,2024-04-22,66837.6796875,5010.60009765625,2332.199951171875,106.08000183105467
242,2024-04-23,66407.2734375,5070.5498046875,2327.699951171875,105.69000244140624
243,2024-04-24,64276.8984375,5071.6298828125,2324.5,105.86000061035156
244,2024-04-25,64481.70703125,5048.419921875,2329.800048828125,105.5999984741211
245,2024-04-26,63755.3203125,5099.9599609375,2334.800048828125,105.94000244140624
246,2024-04-29,63841.12109375,5116.169921875,2345.39990234375,105.58000183105467
247,2024-04-30,60636.85546875,5035.68994140625,2291.39990234375,106.22000122070312
248,2024-05-01,58254.01171875,5018.39013671875,2299.89990234375,105.76000213623048
249,2024-05-02,59123.43359375,5064.2001953125,2299.199951171875,105.3000030517578
250,2024-05-03,62889.8359375,5127.7900390625,2299.0,105.02999877929688
251,2024-05-06,63161.94921875,5180.740234375,2321.60009765625,105.0500030517578
252,2024-05-07,62334.81640625,5187.7001953125,2315.199951171875,105.41000366210938
253,2024-05-08,61187.94140625,5187.669921875,2313.60009765625,105.5500030517578
254,2024-05-09,63049.9609375,5214.080078125,2332.10009765625,105.2300033569336
255,2024-05-10,60792.77734375,5222.68017578125,2367.300048828125,105.30999755859376
256,2024-05-13,62901.44921875,5221.419921875,2336.10009765625,105.22000122070312
257,2024-05-14,61552.7890625,5246.68017578125,2353.39990234375,105.01000213623048
258,2024-05-15,66267.4921875,5308.14990234375,2388.699951171875,104.3499984741211
259,2024-05-16,65231.58203125,5297.10009765625,2380.0,104.45999908447266
260,2024-05-17,67051.875,5303.27001953125,2412.199951171875,104.4499969482422
261,2024-05-20,71448.1953125,5308.1298828125,2433.89990234375,104.56999969482422
262,2024-05-21,70136.53125,5321.41015625,2421.699951171875,104.66000366210938
263,2024-05-22,69122.3359375,5307.009765625,2389.199951171875,104.94000244140624
264,2024-05-23,67929.5625,5267.83984375,2335.0,105.11000061035156
265,2024-05-24,68526.1015625,5304.72021484375,2332.5,104.72000122070312
266,2024-05-28,68296.21875,5306.0400390625,2355.199951171875,104.61000061035156
267,2024-05-29,67578.09375,5266.9501953125,2340.300048828125,105.0999984741211
268,2024-05-30,68364.9921875,5235.47998046875,2342.89990234375,104.72000122070312
269,2024-05-31,67491.4140625,5277.509765625,2322.89990234375,104.66999816894533
270,2024-06-03,68804.78125,5283.39990234375,2346.60009765625,104.13999938964844
271,2024-06-04,70567.765625,5291.33984375,2325.5,104.11000061035156
272,2024-06-05,71082.8203125,5354.02978515625,2354.10009765625,104.2699966430664
273,2024-06-06,70757.1640625,5352.9599609375,2370.300048828125,104.0999984741211
274,2024-06-07,69342.5859375,5346.990234375,2305.199951171875,104.88999938964844
275,2024-06-10,69512.28125,5360.7900390625,2307.699951171875,105.1500015258789
276,2024-06-11,67332.03125,5375.31982421875,2307.5,105.2300033569336
277,2024-06-12,68241.1875,5421.02978515625,2336.0,104.6500015258789
278,2024-06-13,66756.3984375,5433.740234375,2300.199951171875,105.1999969482422
279,2024-06-14,66011.09375,5431.60009765625,2331.39990234375,105.5500030517578
280,2024-06-17,66490.296875,5473.22998046875,2312.39990234375,105.31999969482422
281,2024-06-18,65140.74609375,5487.02978515625,2330.39990234375,105.26000213623048
282,2024-06-20,64828.65625,5473.169921875,2353.800048828125,105.58999633789062
283,2024-06-21,64096.19921875,5464.6201171875,2316.39990234375,105.8000030517578
284,2024-06-24,60277.4140625,5447.8701171875,2330.0,105.47000122070312
285,2024-06-25,61804.640625,5469.2998046875,2316.60009765625,105.61000061035156
286,2024-06-26,60811.27734375,5477.89990234375,2299.199951171875,106.0500030517578
287,2024-06-27,61604.80078125,5482.8701171875,2324.5,105.91000366210938
288,2024-06-28,60320.13671875,5460.47998046875,2327.699951171875,105.87000274658205
289,2024-07-01,62851.98046875,5475.08984375,2327.60009765625,105.9000015258789
290,2024-07-02,62029.015625,5509.009765625,2323.0,105.72000122070312
291,2024-07-03,60173.921875,5537.02001953125,2359.800048828125,105.4000015258789
292,2024-07-05,56662.375,5567.18994140625,2388.5,104.87999725341795
293,2024-07-08,56705.09765625,5572.85009765625,2355.199951171875,105.01000213623048
294,2024-07-09,58009.2265625,5576.97998046875,2360.10009765625,105.12000274658205
295,2024-07-10,57742.49609375,5633.91015625,2372.199951171875,105.0500030517578
296,2024-07-11,57344.9140625,5584.5400390625,2415.0,104.44000244140624
297,2024-07-12,57899.46484375,5615.35009765625,2414.0,104.08999633789062
298,2024-07-15,64870.15234375,5631.22021484375,2422.89990234375,104.19000244140624
299,2024-07-16,65097.1484375,5667.2001953125,2462.39990234375,104.2699966430664
300,2024-07-17,64118.79296875,5588.27001953125,2454.800048828125,103.75
301,2024-07-18,63974.06640625,5544.58984375,2451.800048828125,104.16999816894533
302,2024-07-19,66710.15625,5505.0,2395.5,104.4000015258789
303,2024-07-22,67585.25,5564.41015625,2392.0,104.30999755859376
304,2024-07-23,65927.671875,5555.740234375,2404.60009765625,104.4499969482422
305,2024-07-24,65372.1328125,5427.1298828125,2413.300048828125,104.38999938964844
306,2024-07-25,65777.2265625,5399.22021484375,2351.89990234375,104.36000061035156
307,2024-07-26,67912.0625,5459.10009765625,2380.0,104.31999969482422
308,2024-07-29,66819.9140625,5463.5400390625,2377.300048828125,104.55999755859376
309,2024-07-30,66201.015625,5436.43994140625,2405.0,104.5500030517578
310,2024-07-31,64619.25,5522.2998046875,2426.5,104.0999984741211
311,2024-08-01,65357.5,5446.68017578125,2435.0,104.41999816894533
312,2024-08-02,61415.06640625,5346.56005859375,2425.699951171875,103.20999908447266
313,2024-08-05,53991.45703125,5186.330078125,2401.699951171875,102.69000244140624
314,2024-08-06,56034.31640625,5240.02978515625,2389.10009765625,102.97000122070312
315,2024-08-07,55027.4609375,5199.5,2390.5,103.1999969482422
316,2024-08-08,61710.13671875,5319.31005859375,2422.199951171875,103.20999908447266
317,2024-08-09,60880.11328125,5344.16015625,2432.10009765625,103.13999938964844
318,2024-08-12,59354.515625,5344.39013671875,2462.39990234375,103.13999938964844
319,2024-08-13,60609.56640625,5434.43017578125,2466.699951171875,102.55999755859376
320,2024-08-14,58737.26953125,5455.2099609375,2439.39990234375,102.56999969482422
321,2024-08-15,57560.09765625,5543.22021484375,2453.10009765625,102.9800033569336
322,2024-08-16,58894.10546875,5554.25,2498.60009765625,102.45999908447266
323,2024-08-19,59493.453125,5608.25,2501.800048828125,101.88999938964844
324,2024-08-20,59012.79296875,5597.1201171875,2511.300048828125,101.44000244140624
325,2024-08-21,61175.19140625,5620.85009765625,2508.39990234375,101.04000091552734
326,2024-08-22,60381.9140625,5570.64013671875,2478.89990234375,101.51000213623048
327,2024-08-23,64094.35546875,5634.60986328125,2508.39990234375,100.72000122070312
328,2024-08-26,62880.66015625,5616.83984375,2517.699951171875,100.8499984741211
329,2024-08-27,59504.1328125,5625.7998046875,2516.0,100.5500030517578
330,2024-08-28,59027.625,5592.18017578125,2501.0,101.08999633789062
331,2024-08-29,59388.1796875,5591.9599609375,2525.699951171875,101.33999633789062
332,2024-08-30,59119.4765625,5648.39990234375,2493.800048828125,101.6999969482422
333,2024-09-03,57431.0234375,5528.93017578125,2489.89990234375,101.83000183105467
334,2024-09-04,57971.5390625,5520.06982421875,2493.39990234375,101.36000061035156
335,2024-09-05,56160.48828125,5503.41015625,2511.39990234375,101.11000061035156
336,2024-09-06,53948.75390625,5408.419921875,2493.5,101.18000030517578
337,2024-09-09,57019.53515625,5471.0498046875,2501.800048828125,101.5500030517578
338,2024-09-10,57648.7109375,5495.52001953125,2512.300048828125,101.62999725341795
339,2024-09-11,57343.171875,5554.1298828125,2512.10009765625,101.68000030517578
340,2024-09-12,58127.01171875,5595.759765625,2551.199951171875,101.37000274658205
341,2024-09-13,60571.30078125,5626.02001953125,2581.300048828125,101.11000061035156
342,2024-09-16,58192.5078125,5633.08984375,2580.39990234375,100.76000213623048
343,2024-09-17,60308.5390625,5634.580078125,2564.300048828125,100.88999938964844
344,2024-09-18,61649.6796875,5618.259765625,2570.699951171875,100.5999984741211
345,2024-09-19,62940.45703125,5713.64013671875,2588.0,100.61000061035156
346,2024-09-20,63192.9765625,5702.5498046875,2619.89990234375,100.72000122070312
347,2024-09-23,63329.80078125,5718.56982421875,2626.5,100.91999816894533
348,2024-09-24,64301.96875,5732.93017578125,2651.199951171875,100.37000274658205
349,2024-09-25,63143.14453125,5722.259765625,2659.199951171875,100.91999816894533
350,2024-09-26,65181.01953125,5745.3701171875,2669.89990234375,100.55999755859376
351,2024-09-27,65790.6640625,5738.169921875,2644.300048828125,100.41999816894533
352,2024-09-30,63329.5,5762.47998046875,2636.10009765625,100.77999877929688
353,2024-10-01,60837.0078125,5708.75,2667.300048828125,101.19000244140624
354,2024-10-02,60632.78515625,5709.5400390625,2647.10009765625,101.68000030517578
355,2024-10-03,60759.40234375,5699.93994140625,2657.10009765625,101.98999786376952
356,2024-10-04,62067.4765625,5751.06982421875,2645.800048828125,102.5199966430664
357,2024-10-07,62236.66015625,5695.93994140625,2644.800048828125,102.54000091552734
358,2024-10-08,62131.96875,5751.1298828125,2615.0,102.5500030517578
359,2024-10-09,60582.1015625,5792.0400390625,2606.0,102.93000030517578
360,2024-10-10,60274.5,5780.0498046875,2620.60009765625,102.98999786376952
361,2024-10-11,62445.08984375,5815.02978515625,2657.60009765625,102.88999938964844
362,2024-10-14,66046.125,5859.85009765625,2647.800048828125,103.3000030517578
363,2024-10-15,67041.109375,5815.259765625,2661.39990234375,103.26000213623048
364,2024-10-16,67612.71875,5842.47021484375,2674.0,103.58999633789062
365,2024-10-17,67399.8359375,5841.47021484375,2691.0,103.83000183105467
366,2024-10-18,68418.7890625,5864.669921875,2713.699951171875,103.48999786376952
367,2024-10-21,67367.8515625,5853.97998046875,2723.10009765625,104.01000213623048
368,2024-10-22,67361.40625,5851.2001953125,2744.199951171875,104.08000183105467
369,2024-10-23,66432.1953125,5797.419921875,2714.39990234375,104.43000030517578
370,2024-10-24,68161.0546875,5809.85986328125,2734.89990234375,104.05999755859376
371,2024-10-25,66642.4140625,5808.1201171875,2740.89990234375,104.26000213623048
372,2024-10-28,69907.7578125,5823.52001953125,2742.89990234375,104.31999969482422
373,2024-10-29,72720.4921875,5832.919921875,2768.39990234375,104.27999877929688
374,2024-10-30,72339.5390625,5813.669921875,2788.5,103.98999786376952
375,2024-10-31,70215.1875,5705.4501953125,2738.300048828125,103.9800033569336
376,2024-11-01,69482.46875,5728.7998046875,2738.60009765625,104.27999877929688
377,2024-11-04,67811.5078125,5712.68994140625,2736.10009765625,103.88999938964844
378,2024-11-05,69359.5625,5782.759765625,2740.300048828125,103.41999816894533
379,2024-11-06,75639.078125,5929.0400390625,2667.60009765625,105.08999633789062
380,2024-11-07,75904.859375,5973.10009765625,2698.39990234375,104.51000213623048
381,2024-11-08,76545.4765625,5995.5400390625,2687.5,105.0
382,2024-11-11,88701.484375,6001.35009765625,2611.199951171875,105.54000091552734
383,2024-11-12,87955.8125,5983.990234375,2600.0,106.0199966430664
384,2024-11-13,90584.1640625,5985.3798828125,2580.800048828125,106.4800033569336
385,2024-11-14,87250.4296875,5949.169921875,2568.199951171875,106.66999816894533
386,2024-11-15,91066.0078125,5870.6201171875,2565.699951171875,106.69000244140624
387,2024-11-18,90542.640625,5893.6201171875,2610.60009765625,106.27999877929688
388,2024-11-19,92343.7890625,5916.97998046875,2627.10009765625,106.20999908447266
389,2024-11-20,94339.4921875,5917.10986328125,2648.199951171875,106.68000030517578
390,2024-11-21,98504.7265625,5948.7099609375,2672.10009765625,106.97000122070312
391,2024-11-22,98997.6640625,5969.33984375,2709.89990234375,107.48999786376952
392,2024-11-25,93102.296875,5987.3701171875,2616.800048828125,106.81999969482422
393,2024-11-26,91985.3203125,6021.6298828125,2620.300048828125,107.01000213623048
394,2024-11-27,95962.53125,5998.740234375,2639.89990234375,106.08000183105467
395,2024-11-29,97461.5234375,6032.3798828125,2657.0,105.73999786376952
396,2024-12-02,95865.3046875,6047.14990234375,2634.89990234375,106.4499969482422
397,2024-12-03,96002.1640625,6049.8798828125,2644.699951171875,106.37000274658205
398,2024-12-04,98768.53125,6086.490234375,2653.800048828125,106.33999633789062
399,2024-12-05,96593.5703125,6075.10986328125,2626.60009765625,105.70999908447266
400,2024-12-06,99920.7109375,6090.27001953125,2638.60009765625,105.97000122070312
401,2024-12-09,97432.71875,6052.85009765625,2664.89990234375,106.1500015258789
402,2024-12-10,96675.4296875,6034.91015625,2697.60009765625,106.4000015258789
403,2024-12-11,101173.03125,6084.18994140625,2733.800048828125,106.70999908447266
404,2024-12-12,100043.0,6051.25,2687.5,106.95999908447266
405,2024-12-13,101459.2578125,6051.08984375,2656.0,107.0
406,2024-12-16,106029.71875,6074.080078125,2651.39990234375,106.86000061035156
407,2024-12-17,106140.6015625,6050.60986328125,2644.39990234375,106.95999908447266
408,2024-12-18,100041.5390625,5872.16015625,2636.5,108.02999877929688
409,2024-12-19,97490.953125,5867.080078125,2592.199951171875,108.41000366210938
410,2024-12-20,97755.9296875,5930.85009765625,2628.699951171875,107.62000274658205
411,2024-12-23,94686.2421875,5974.06982421875,2612.300048828125,108.04000091552734
412,2024-12-24,98676.09375,6040.0400390625,2620.0,108.26000213623048
413,2024-12-26,95795.515625,6037.58984375,2638.800048828125,108.12999725341795
414,2024-12-27,94164.859375,5970.83984375,2617.199951171875,108.0
415,2024-12-30,92643.2109375,5906.93994140625,2606.10009765625,108.12999725341795
416,2024-12-31,93429.203125,5881.6298828125,2629.199951171875,108.48999786376952
417,2025-01-02,96886.875,5868.5498046875,2658.89990234375,109.38999938964844
418,2025-01-03,98107.4296875,5942.47021484375,2645.0,108.9499969482422
419,2025-01-06,102078.0859375,5975.3798828125,2638.39990234375,108.26000213623048
420,2025-01-07,96922.703125,5909.02978515625,2656.699951171875,108.54000091552734
421,2025-01-08,95043.5234375,5918.25,2664.5,109.08999633789062
422,2025-01-10,94701.453125,5827.0400390625,2708.5,109.6500015258789
423,2025-01-13,94516.5234375,5836.22021484375,2673.5,109.95999908447266
424,2025-01-14,96534.046875,5842.91015625,2677.5,109.2699966430664
425,2025-01-15,100504.4921875,5949.91015625,2712.5,109.08999633789062
426,2025-01-16,99756.90625,5937.33984375,2746.39990234375,108.95999908447266
427,2025-01-17,104462.0390625,5996.66015625,2744.300048828125,109.3499984741211
428,2025-01-21,106146.265625,6049.240234375,2755.0,108.05999755859376
429,2025-01-22,103653.0703125,6086.3701171875,2767.60009765625,108.16999816894533
430,2025-01-23,103960.171875,6118.7099609375,2763.10009765625,108.0500030517578
431,2025-01-24,104819.484375,6101.240234375,2777.300048828125,107.44000244140624
432,2025-01-27,102087.6875,6012.27978515625,2737.5,107.33999633789062
433,2025-01-28,101332.4765625,6067.7001953125,2766.800048828125,107.87000274658205
434,2025-01-29,103703.2109375,6039.31005859375,2769.10009765625,108.0
435,2025-01-30,104735.3046875,6071.169921875,2823.0,107.8000030517578
436,2025-01-31,102405.0234375,6040.52978515625,2812.5,108.37000274658205
437,2025-02-03,101405.421875,5994.56982421875,2833.89990234375,108.98999786376952
438,2025-02-04,97871.8203125,6037.8798828125,2853.300048828125,107.95999908447266
439,2025-02-05,96615.4453125,6061.47998046875,2871.60009765625,107.58000183105467
440,2025-02-06,96593.296875,6083.56982421875,2856.0,107.69000244140624
441,2025-02-07,96529.0859375,6025.990234375,2867.300048828125,108.04000091552734
442,2025-02-10,97437.5546875,6066.43994140625,2914.300048828125,108.31999969482422
443,2025-02-11,95747.4296875,6068.5,2912.5,107.95999908447266
444,2025-02-12,97885.859375,6051.97021484375,2909.0,107.94000244140624
445,2025-02-13,96623.8671875,6115.06982421875,2925.89990234375,107.30999755859376
446,2025-02-14,97508.96875,6114.6298828125,2883.60009765625,106.56999969482422
447,2025-02-18,95539.546875,6129.580078125,2931.60009765625,107.0500030517578
448,2025-02-19,96635.609375,6144.14990234375,2919.39990234375,107.16999816894533
449,2025-02-20,98333.9375,6117.52001953125,2940.0,106.33999633789062
450,2025-02-21,96125.546875,6013.1298828125,2937.60009765625,106.61000061035156
451,2025-02-24,91418.171875,5983.25,2947.89990234375,106.5999984741211
452,2025-02-25,88736.171875,5955.25,2904.5,106.30999755859376
453,2025-02-26,84347.0234375,5956.06005859375,2916.800048828125,106.41999816894533
454,2025-02-27,84704.2265625,5861.56982421875,2883.199951171875,107.23999786376952
455,2025-02-28,84373.0078125,5954.5,2836.800048828125,107.61000061035156
456,2025-03-03,86065.671875,5849.72021484375,2890.199951171875,106.75
457,2025-03-04,87222.1953125,5778.14990234375,2909.60009765625,105.73999786376952
458,2025-03-05,90623.5625,5842.6298828125,2915.300048828125,105.73999786376952
459,2025-03-06,89961.7265625,5738.52001953125,2916.60009765625,104.05999755859376
460,2025-03-07,86742.671875,5770.2001953125,2904.699951171875,103.83999633789062
461,2025-03-10,78532.0,5614.56005859375,2891.0,103.91000366210938
462,2025-03-11,82862.2109375,5572.06982421875,2912.89990234375,103.44000244140624
463,2025-03-12,83722.359375,5599.2998046875,2939.10009765625,103.61000061035156
464,2025-03-13,81066.703125,5521.52001953125,2984.300048828125,103.83000183105467
465,2025-03-14,83969.1015625,5638.93994140625,2994.5,103.72000122070312
466,2025-03-17,84075.6875,5675.1201171875,3000.0,103.37000274658205
467,2025-03-18,82718.5,5614.66015625,3035.10009765625,103.23999786376952
468,2025-03-19,86854.2265625,5675.2900390625,3035.89990234375,103.43000030517578
469,2025-03-20,84167.1953125,5662.89013671875,3040.0,103.8499984741211
470,2025-03-21,84043.2421875,5667.56005859375,3018.199951171875,104.08999633789062
471,2025-03-24,87498.9140625,5767.56982421875,3013.10009765625,104.26000213623048
472,2025-03-25,87471.703125,5776.64990234375,3023.699951171875,104.18000030517578
473,2025-03-26,86900.8828125,5712.2001953125,3020.89990234375,104.5500030517578
474,2025-03-27,87177.1015625,5693.31005859375,3060.199951171875,104.06999969482422
475,2025-03-28,84353.1484375,5580.93994140625,3086.5,104.04000091552734
476,2025-03-31,82548.9140625,5611.85009765625,3122.800048828125,104.20999908447266
477,2025-04-01,85169.171875,5633.06982421875,3118.89990234375,104.26000213623048
478,2025-04-02,82485.7109375,5670.97021484375,3139.89990234375,103.80999755859376
479,2025-04-03,83102.828125,5396.52001953125,3097.0,102.06999969482422
480,2025-04-04,83843.8046875,5074.080078125,3012.0,103.0199966430664
481,2025-04-07,79235.3359375,5062.25,2951.300048828125,103.26000213623048
482,2025-04-08,76271.953125,4982.77001953125,2968.39990234375,102.95999908447266
483,2025-04-09,82573.953125,5456.89990234375,3056.5,102.9000015258789
484,2025-04-10,79626.140625,5268.0498046875,3155.199951171875,100.87000274658205
485,2025-04-11,83404.8359375,5363.35986328125,3222.199951171875,99.77999877929688
486,2025-04-14,84542.390625,5405.97021484375,3204.800048828125,99.63999938964844
487,2025-04-15,83668.9921875,5396.6298828125,3218.699951171875,100.22000122070312
488,2025-04-16,84033.8671875,5275.7001953125,3326.60009765625,99.37999725341795
489,2025-04-17,84895.75,5282.7001953125,3308.699951171875,99.37999725341795
490,2025-04-21,87518.90625,5158.2001953125,3406.199951171875,98.27999877929688
491,2025-04-22,93441.890625,5287.759765625,3400.800048828125,98.91999816894533
492,2025-04-23,93699.109375,5375.85986328125,3276.300048828125,99.83999633789062
493,2025-04-24,93943.796875,5484.77001953125,3332.0,99.29000091552734
494,2025-04-25,94720.5,5525.2099609375,3282.39990234375,99.47000122070312
495,2025-04-28,94978.75,5528.75,3332.5,99.01000213623048
496,2025-04-29,94284.7890625,5560.830078125,3318.800048828125,99.23999786376952
497,2025-04-30,94207.3125,5569.06005859375,3305.0,99.47000122070312
498,2025-05-01,96492.3359375,5604.14013671875,3210.0,100.25
499,2025-05-02,96910.0703125,5686.669921875,3231.89990234375,100.0
500,2025-05-05,94748.0546875,5650.3798828125,3311.300048828125,99.83000183105467
501,2025-05-06,96802.4765625,5606.91015625,3411.39990234375,99.23999786376952
502,2025-05-07,97032.3203125,5631.27978515625,3381.39990234375,99.61000061035156
503,2025-05-08,103241.4609375,5663.93994140625,3296.60009765625,100.63999938964844
504,2025-05-09,102970.8515625,5659.91015625,3335.39990234375,100.33999633789062
505,2025-05-12,102812.953125,5844.18994140625,3220.0,101.79000091552734
506,2025-05-13,104169.8125,5886.5498046875,3240.300048828125,101.0
507,2025-05-14,103539.4140625,5892.580078125,3181.39990234375,101.04000091552734
508,2025-05-15,103744.640625,5916.93017578125,3220.699951171875,100.87999725341795
509,2025-05-16,103489.2890625,5958.3798828125,3182.0,101.08999633789062
510,2025-05-19,105606.1796875,5963.60009765625,3228.89990234375,100.43000030517578
511,2025-05-20,106791.0859375,5940.4599609375,3280.300048828125,100.12000274658205
512,2025-05-21,109678.078125,5844.60986328125,3309.300048828125,99.55999755859376
513,2025-05-22,111673.28125,5842.009765625,3292.300048828125,99.95999908447266
514,2025-05-23,107287.796875,5802.81982421875,3363.60009765625,99.11000061035156
515,2025-05-27,108994.640625,5921.5400390625,3299.10009765625,99.5199966430664
516,2025-05-28,107802.328125,5888.5498046875,3293.60009765625,99.87999725341795
517,2025-05-29,105641.7578125,5912.169921875,3317.10009765625,99.27999877929688
518,2025-05-30,103998.5703125,5911.68994140625,3288.89990234375,99.33000183105467
519,2025-06-02,105881.53125,5935.93994140625,3370.60009765625,98.6999969482422
520,2025-06-03,105432.46875,5970.3701171875,3350.199951171875,99.25
521,2025-06-04,104731.984375,5970.81005859375,3373.5,98.79000091552734
522,2025-06-05,101575.953125,5939.2998046875,3350.699951171875,98.73999786376952
523,2025-06-06,104390.34375,6000.35986328125,3322.699951171875,99.19000244140624
524,2025-06-09,110294.1015625,6005.8798828125,3332.10009765625,98.94000244140624
525,2025-06-10,110257.234375,6038.81005859375,3320.89990234375,99.0500030517578
526,2025-06-11,108686.625,6022.240234375,3321.300048828125,98.62999725341795
527,2025-06-12,105929.0546875,6045.259765625,3380.89990234375,97.91999816894533
528,2025-06-13,106090.96875,5976.97021484375,3431.199951171875,98.18000030517578
529,2025-06-16,106796.7578125,6033.10986328125,3396.39990234375,98.0
530,2025-06-17,104601.1171875,5982.72021484375,3386.60009765625,98.81999969482422
531,2025-06-18,104883.328125,5980.8701171875,3389.800048828125,98.91000366210938
532,2025-06-20,103309.6015625,5967.83984375,3368.10009765625,98.70999908447266
533,2025-06-23,105577.7734375,6025.169921875,3377.699951171875,98.41999816894533
534,2025-06-24,106045.6328125,6092.18017578125,3317.39990234375,97.86000061035156
535,2025-06-25,107361.2578125,6092.16015625,3327.10009765625,97.68000030517578
536,2025-06-26,106960.0,6141.02001953125,3333.5,97.1500015258789
537,2025-06-27,107088.4296875,6173.06982421875,3273.699951171875,97.4000015258789
538,2025-06-30,107135.3359375,6204.9501953125,3294.39990234375,96.87999725341795
539,2025-07-01,105698.28125,6198.009765625,3336.699951171875,96.81999969482422
540,2025-07-02,108859.3203125,6227.419921875,3348.0,96.77999877929688
541,2025-07-03,109647.9765625,6279.35009765625,3331.60009765625,97.18000030517578
542,2025-07-07,108299.8515625,6229.97998046875,3332.199951171875,97.4800033569336
543,2025-07-08,108950.2734375,6225.52001953125,3307.0,97.51000213623048
544,2025-07-09,111326.5546875,6263.259765625,3311.60009765625,97.47000122070312
545,2025-07-10,115987.203125,6280.4599609375,3317.39990234375,97.6500015258789
546,2025-07-11,117516.9921875,6259.75,3356.0,97.8499984741211
547,2025-07-14,119849.703125,6268.56005859375,3351.5,98.08000183105467
548,2025-07-15,117777.1875,6243.759765625,3329.800048828125,98.62000274658205
549,2025-07-16,118738.5078125,6263.7001953125,3352.5,98.38999938964844
550,2025-07-17,119289.84375,6297.35986328125,3340.10009765625,98.7300033569336
551,2025-07-18,118003.2265625,6296.7900390625,3353.0,98.4800033569336
552,2025-07-21,117439.5390625,6305.60009765625,3401.89990234375,97.8499984741211
553,2025-07-22,119995.4140625,6309.6201171875,3439.199951171875,97.38999938964844
554,2025-07-23,118754.9609375,6358.91015625,3394.10009765625,97.20999908447266
555,2025-07-24,118368.0,6363.35009765625,3371.0,97.37999725341795
556,2025-07-25,117635.8828125,6388.64013671875,3334.0,97.6500015258789
557,2025-07-28,117924.4765625,6389.77001953125,3309.10009765625,98.66000366210938
558,2025-07-29,117922.1484375,6370.85986328125,3323.39990234375,98.91000366210938
559,2025-07-30,117831.1875,6362.89990234375,3295.800048828125,99.94000244140624
560,2025-07-31,115758.203125,6339.39013671875,3293.199951171875,100.02999877929688
561,2025-08-01,113320.0859375,6238.009765625,3347.699951171875,98.69000244140624
562,2025-08-04,115071.8828125,6329.93994140625,3374.39990234375,98.77999877929688
563,2025-08-05,114141.4453125,6299.18994140625,3381.89990234375,98.77999877929688
564,2025-08-06,115028.0,6345.06005859375,3380.0,98.18000030517578
565,2025-08-07,117496.8984375,6340.0,3400.300048828125,98.4000015258789
566,2025-08-08,116688.7265625,6389.4501953125,3439.10009765625,98.18000030517578
567,2025-08-11,118731.4453125,6373.4501953125,3353.10009765625,98.5199966430664
568,2025-08-12,120172.90625,6445.759765625,3348.89990234375,98.0999984741211
569,2025-08-13,123344.0625,6466.580078125,3358.699951171875,97.83999633789062
570,2025-08-14,118359.578125,6468.5400390625,3335.199951171875,98.25
571,2025-08-15,117398.3515625,6449.7998046875,3336.0,97.8499984741211
572,2025-08-18,116252.3125,6449.14990234375,3331.699951171875,98.16999816894533
573,2025-08-19,112831.1796875,6411.3701171875,3313.39990234375,98.2699966430664
574,2025-08-20,114274.7421875,6395.77978515625,3343.39990234375,98.22000122070312
575,2025-08-21,112419.03125,6370.169921875,3336.89990234375,98.62000274658205
576,2025-08-22,116874.0859375,6466.91015625,3374.39990234375,97.72000122070312
577,2025-08-25,110124.3515625,6439.31982421875,3373.800048828125,98.43000030517578
578,2025-08-26,111802.65625,6465.93994140625,3388.60009765625,98.2300033569336
579,2025-08-27,111222.0625,6481.39990234375,3404.60009765625,98.2300033569336
580,2025-08-28,112544.8046875,6501.85986328125,3431.800048828125,97.80999755859376
581,2025-08-29,108410.8359375,6460.259765625,3473.699951171875,97.7699966430664
582,2025-09-02,111200.5859375,6415.5400390625,3549.39990234375,98.4000015258789
583,2025-09-03,111723.2109375,6448.259765625,3593.199951171875,98.13999938964844
584,2025-09-04,110723.6015625,6502.080078125,3565.800048828125,98.3499984741211
585,2025-09-05,110650.984375,6481.5,3613.199951171875,97.7699966430664
586,2025-09-08,112071.4296875,6495.14990234375,3638.10009765625,97.4499969482422
587,2025-09-09,111530.546875,6512.60986328125,3643.300048828125,97.79000091552734
588,2025-09-10,113955.359375,6532.0400390625,3643.60009765625,97.77999877929688
589,2025-09-11,115507.5390625,6587.47021484375,3636.89990234375,97.54000091552734
590,2025-09-12,116101.578125,6584.2900390625,3649.39990234375,97.5500030517578
591,2025-09-15,115444.875,6615.27978515625,3682.199951171875,97.3000030517578
592,2025-09-16,116843.1875,6606.759765625,3688.89990234375,96.62999725341795
593,2025-09-17,116468.5078125,6600.35009765625,3681.800048828125,96.87000274658205
594,2025-09-18,117137.203125,6631.9599609375,3643.699951171875,97.3499984741211
595,2025-09-19,115688.859375,6664.35986328125,3671.5,97.63999938964844
596,2025-09-22,112748.5078125,6693.75,3740.699951171875,97.33000183105467
597,2025-09-23,112014.5,6656.919921875,3780.60009765625,97.26000213623048
598,2025-09-24,113328.6328125,6637.97021484375,3732.10009765625,97.87000274658205
599,2025-09-25,109049.2890625,6604.72021484375,3736.89990234375,98.5500030517578
600,2025-09-26,109712.828125,6643.7001953125,3775.300048828125,98.1500015258789
601,2025-09-29,114400.3828125,6661.2099609375,3820.89990234375,97.91000366210938
602,2025-09-30,114056.0859375,6688.4599609375,3840.800048828125,97.7699966430664
603,2025-10-01,118648.9296875,6711.2001953125,3867.5,97.70999908447266
604,2025-10-02,120681.2578125,6715.35009765625,3839.699951171875,97.8499984741211
605,2025-10-03,122266.53125,6715.7900390625,3880.800048828125,97.72000122070312
606,2025-10-06,124752.53125,6740.27978515625,3948.5,98.11000061035156
607,2025-10-07,121451.3828125,6714.58984375,3976.60009765625,98.58000183105467
608,2025-10-08,123354.8671875,6753.72021484375,4043.300048828125,98.8499984741211
609,2025-10-09,121705.5859375,6735.10986328125,3946.300048828125,99.54000091552734
610,2025-10-10,113214.3671875,6552.509765625,3975.89990234375,98.9800033569336
611,2025-10-13,115271.078125,6654.72021484375,4108.60009765625,99.2699966430664
612,2025-10-14,113118.6640625,6644.31005859375,4138.7001953125,99.0500030517578
613,2025-10-15,110783.1640625,6671.06005859375,4176.89990234375,98.79000091552734
614,2025-10-16,108186.0390625,6629.06982421875,4280.2001953125,98.38999938964844
615,2025-10-17,106467.7890625,6664.009765625,4189.89990234375,98.43000030517578
616,2025-10-20,110588.9296875,6735.1298828125,4336.39990234375,98.58999633789062
617,2025-10-21,108476.890625,6735.35009765625,4087.699951171875,98.93000030517578
618,2025-10-22,107688.5859375,6699.39990234375,4044.39990234375,98.9000015258789
619,2025-10-23,110069.7265625,6738.43994140625,4125.5,98.94000244140624
620,2025-10-24,111033.921875,6791.68994140625,4118.39990234375,98.9499969482422
621,2025-10-27,114119.328125,6875.16015625,4001.89990234375,98.77999877929688
622,2025-10-28,112956.1640625,6890.89013671875,3966.199951171875,98.69000244140624
623,2025-10-29,110055.3046875,6890.58984375,3983.699951171875,99.22000122070312
624,2025-10-30,108305.546875,6822.33984375,4001.300048828125,99.52999877929688
625,2025-10-31,109556.1640625,6840.2001953125,3982.199951171875,99.8000030517578
626,2025-11-03,106547.5234375,6851.97021484375,4000.300048828125,99.87000274658205
627,2025-11-04,101590.5234375,6771.5498046875,3947.699951171875,100.22000122070312
628,2025-11-05,103891.8359375,6796.2900390625,3980.300048828125,100.1999969482422
629,2025-11-06,101301.2890625,6720.31982421875,3979.89990234375,99.7300033569336
630,2025-11-07,103372.40625,6728.7998046875,3999.39990234375,99.5999984741211
631,2025-11-10,105996.59375,6832.43017578125,4111.7998046875,99.62000274658205
632,2025-11-11,102997.46875,6846.60986328125,4106.7998046875,99.45999908447266
633,2025-11-12,101663.1875,6850.919921875,4204.39990234375,99.4800033569336
634,2025-11-13,99697.4921875,6737.490234375,4186.89990234375,99.18000030517578
635,2025-11-14,94397.7890625,6734.10986328125,4087.60009765625,99.2699966430664
636,2025-11-17,92093.875,6672.41015625,4068.300048828125,99.58999633789062
637,2025-11-18,92948.875,6617.31982421875,4061.300048828125,99.5500030517578
638,2025-11-19,91465.9921875,6642.16015625,4077.699951171875,100.2300033569336
639,2025-11-20,86631.8984375,6538.759765625,4056.5,100.16000366210938
640,2025-11-21,85090.6875,6602.990234375,4076.699951171875,100.18000030517578
641,2025-11-24,88270.5625,6705.1201171875,4091.89990234375,100.13999938964844
642,2025-11-25,87341.890625,6765.8798828125,4139.2001953125,99.66000366210938
643,2025-11-26,90518.3671875,6812.60986328125,4165.2001953125,99.5999984741211
644,2025-11-28,90919.265625,6849.08984375,4218.2998046875,99.45999908447266
645,2025-12-01,86321.5703125,6812.6298828125,4239.2998046875,99.41000366210938
646,2025-12-02,91350.203125,6829.3701171875,4186.60009765625,99.36000061035156
647,2025-12-03,93527.8046875,6849.72021484375,4199.2998046875,98.8499984741211
648,2025-12-04,92141.625,6857.1201171875,4211.7998046875,98.98999786376952
649,2025-12-05,89387.7578125,6870.39990234375,4212.89990234375,98.98999786376952
650,2025-12-08,90640.203125,6846.509765625,4187.2001953125,99.08999633789062
651,2025-12-09,92691.7109375,6840.509765625,4206.7001953125,99.22000122070312
652,2025-12-10,92020.9453125,6886.68017578125,4196.39990234375,98.79000091552734
653,2025-12-11,92511.3359375,6901.0,4285.5,98.3499984741211
654,2025-12-12,90270.4140625,6827.41015625,4300.10009765625,98.4000015258789
655,2025-12-15,86419.78125,6816.509765625,4306.7001953125,98.1500015258789
656,2025-12-16,87843.984375,6800.259765625,4304.5,98.1500015258789
657,2025-12-17,86143.7578125,6721.43017578125,4347.5,98.37000274658205
658,2025-12-18,85462.5078125,6774.759765625,4339.5,98.43000030517578
659,2025-12-19,88103.3828125,6834.5,4361.39990234375,98.5999984741211
660,2025-12-22,88490.015625,6878.490234375,4444.60009765625,98.29000091552734
661,2025-12-23,87414.0,6909.7900390625,4482.7998046875,97.94000244140624
662,2025-12-24,87611.9609375,6932.0498046875,4480.60009765625,97.9800033569336
663,2025-12-26,87301.4296875,6929.93994140625,4529.10009765625,98.0199966430664
664,2025-12-29,87138.140625,6905.740234375,4325.10009765625,98.04000091552734
665,2025-12-30,88430.1328125,6896.240234375,4370.10009765625,98.23999786376952
666,2025-12-31,87508.828125,6845.5,4325.60009765625,98.27999877929688
