Date,btc_log_return,s&p_log_return,gold_log_return,usd_log_return
2017-01-03,0.021389344804025434,0.0,0.0,0.0
2017-01-04,0.10096034523200359,0.005705963770549438,0.0029257608917383493,-0.0049536514880665905
2017-01-05,-0.1305752503587252,-0.0007709676024818535,0.013569572279167552,-0.011556296879835948
2017-01-06,-0.11620924119418063,0.0035107891805798985,-0.006633743360060507,0.00687157494264401
2017-01-09,-0.009229224484763598,-0.0035549054715602324,0.009849765856593251,-0.002841059107758781
2017-01-10,0.0053587472913489975,0.0,0.0005912499106308644,0.0007845624615150371
2017-01-11,-0.15447664907682235,0.002825642389102434,0.009580731125188535,-0.0022572594686698366
2017-01-12,0.03422186501689417,-0.0021471123937297776,0.0027563590874688515,-0.004233751324671076
2017-01-13,0.023515097351718417,0.0018481313951461686,-0.0030072493432919956,-0.0016787459625122736
2017-01-17,0.08790389778017538,-0.0029719144562179167,0.013874646895224885,-0.008436340692115074
2017-01-18,-0.02376187851963607,0.0017622004698090166,-0.0005776842959903661,0.005962439086563798
2017-01-19,0.013950027432390044,-0.0036158376243191626,-0.008622907336826913,0.002177368424656656
2017-01-20,-0.004511461114076631,0.0033605840613004645,0.002827229814809762,-0.004061659586943378
2017-01-23,-0.003967041519034709,-0.002693749646070387,0.008845550963396676,-0.005773975197738146
2017-01-24,-0.031237062820324013,0.006543140528962432,-0.0038757736862713443,0.0018951161223963453
2017-01-25,0.00987059326696027,0.007994052795968543,-0.010799240583716951,-0.0031939312430582234
2017-01-26,0.017639684998949967,-0.0007356549352630637,-0.006536011761648197,0.0034928280712227533
2017-01-27,0.0023555870752023367,-0.0008668394897410892,-0.0011776788275987826,0.0014932214097118646
2017-01-30,0.0009631589010199448,-0.006027673496096675,0.004283360803183811,-0.0009952078307149392
2017-01-31,0.05292264278631098,-0.0008903016080328285,0.012823912008577132,-0.0092028073493724
2017-02-01,0.019006132801863806,0.0002983189881167192,-0.0024852966654380637,0.0013055211738457473
2017-02-02,0.022768592259201803,0.0005701468386902775,0.00916488760006029,0.002105360311699833
2017-02-03,0.01774054215906329,0.007238496854554022,0.0014783584034638864,0.0002003231765037583
2017-02-06,0.010467402259395797,-0.00211759751370888,0.00939357530120244,0.0004004496423934967
2017-02-07,0.022101353214739383,0.00022680346384529315,0.003408777957932152,0.0034970157432550053
2017-02-08,0.001619238325925032,0.0006930821486097472,0.0027510532075201155,0.00019942797488159414
2017-02-09,-0.06679373711864844,0.005736063735960251,-0.002022081854818225,0.003682906128902097
2017-02-10,-0.005757777136341957,0.0035597068220090122,-0.0005668768500655119,0.0014892186665944607
2017-02-13,-0.008582726834247545,0.0052321335840117555,-0.008134093816161148,0.0015860038120418807
2017-02-14,0.013941699990017042,0.003999327195672642,-0.00040844667481820807,0.0028683162619644875
2017-02-15,0.002912476248507545,0.0049798886657344,0.006352787968514129,-0.0006915941066916176
2017-02-16,0.019618070354986195,-0.0008644916015505544,0.006716090294516697,-0.007340553283461837
2017-02-17,0.018103858479592283,0.0016771493272376148,-0.0019373790671677327,0.005064755931961429
2017-02-21,0.032180966437300285,0.006029850020069283,-8.078508906983473e-05,0.004151901960475435
2017-02-22,0.0019168315546735926,-0.0010827861468039046,-0.004454350349380576,-0.0003946809584931543
2017-02-23,0.04315606560435903,0.00041889897125901854,0.014664634347995253,-0.0027670614803367855
2017-02-24,0.005947789654450197,0.0014922502320313669,0.005344891913360961,0.0003956988896351987
2017-02-27,0.012596285399297358,0.0010174652677337193,0.00039772501044499364,0.0003956178154167489
2017-02-28,0.0,-0.002581706115194926,-0.0038247447646631016,-9.883319499692789e-05
2017-03-01,0.03540895276981093,0.013581211083725009,-0.002958188183111332,0.006505651606983243
2017-03-02,0.02305329049724314,-0.005877116972104801,-0.013705470631345307,0.004118038741819596
2017-03-03,0.018987094918869296,0.0005037503685345612,-0.0052087888179785935,-0.0064788293732913615
2017-03-06,0.004496128401150656,-0.0032826227635656124,-0.0008163265759453253,0.0009843339112611815
2017-03-07,-0.039494404934135474,-0.002917625902089327,-0.007706239569881035,0.0016711546921497344
2017-03-08,-0.06198638601041129,-0.0022868279640642086,-0.005446436678803401,0.0025505422864595673
2017-03-09,0.032921643223535746,0.0007995756127661124,-0.005060341400330515,-0.0021577217343535793
2017-03-10,-0.062287794611084024,0.00326333970585857,-0.0014149003729180265,-0.00590842170453687
2017-03-13,0.008592592591656789,0.0003665656191698119,0.0014149003729180265,0.0012830999656028297
2017-03-14,0.006537416006713315,-0.003384748980891139,-0.000415921471574876,0.0031514670948107337
2017-03-15,0.007720111292730536,0.008339879124686256,-0.0014987919775935055,-0.00948435393494318
2017-03-16,-0.05072016609052099,-0.0016280347991832755,0.02175971840450508,-0.004676405055228372
2017-03-17,-0.07659209371416775,-0.0013151792642318583,0.0026870095249433845,0.00029921133729793326
2017-03-20,0.016729458954285903,-0.002011916080379983,0.003085109794670693,0.0010961149687158667
2017-03-21,0.06100012272536581,-0.012485594590102345,0.010081950338284962,-0.005993486124947545
2017-03-22,-0.0658399519210997,0.0018881028474631023,0.0025647791657270602,-0.0013032961372596574
2017-03-23,-0.010106803783773266,-0.001060832144830215,-0.001922942939821759,0.0008022646847809511
2017-03-24,-0.10238115832507777,-0.0008443522139387483,0.0010419837987623026,-0.0013040262965349214
2017-03-27,0.07859470878677666,-0.0010201075858455866,0.005751791949558438,-0.004627765754706026
2017-03-28,0.0013187365535509699,0.007225308829624133,-7.96396089333129e-05,0.005430432924563355
2017-03-29,-0.0068803730046616,0.0010847362038299835,-0.0015147484528919009,0.0029042223292909952
2017-03-30,-0.013105023821427864,0.002930810911704995,-0.006724348370036104,0.0040916543748128475
2017-03-31,0.0432433697911625,-0.0022575939382667443,0.0018457243799128165,-0.0005977803261272285
2017-04-03,0.037083842797371425,-0.0016434753080130093,0.0028021313424808625,0.0018916073337518213
2017-04-04,-0.00927523563605881,0.0005593660746612272,0.0033521869446824226,0.0
2017-04-05,-0.007502123814714601,-0.0030595368115227117,-0.00767878952414236,0.0001988726333577162
2017-04-06,0.050195608063321906,0.0019276502937355389,0.003926778512338913,0.0010932825487621756
2017-04-07,-0.004899211441568241,-0.0008274724629453445,0.003194125405133086,0.005053289327308086
2017-04-10,-0.0006231496912176837,0.0006874501357838625,-0.0025545421499373333,-0.0015826280704374085
2017-04-11,0.014949240225947236,-0.001434908291958692,0.015938153002180933,-0.003073393240195621
2017-04-12,-0.0038580352329784517,-0.003767037418986874,0.003220185508955531,0.0006948205705743504
2017-04-13,-0.026241638711645088,-0.006838020289804625,0.008277397941952813,-0.0021853711360115824
2017-04-17,0.0092308482079142,0.008576465691107593,0.0027181315485904634,-0.0025888146096981757
2017-04-18,0.014765945740239594,-0.002907602845833246,0.0017821296255693397,-0.008008081229641917
2017-04-19,-0.0011395770242774717,-0.0017178253968683777,-0.00800589317895728,0.0024091345354380067
2017-04-20,0.015405853693440719,0.0075288503629735715,0.0003901221057365234,0.00040097149896034523
2017-04-21,-0.005736069884235917,-0.0030396881071155235,0.0042813282190623525,0.002002449362529468
2017-04-24,0.034951683932622934,0.01078173658811199,-0.009051228501958164,-0.008941708448073626
2017-04-25,0.012195827596242381,0.006072214211751081,-0.008027172357524037,-0.0027284807839960123
2017-04-26,0.012244046631327166,-0.00048582147568687617,-0.002769317802299831,0.0014157085033383865
2017-04-27,0.028207106559154482,0.0005527670002987151,0.0012669062050330027,0.0012119042689828774
2017-04-28,-0.0009490512239791471,-0.001914979471489886,0.0018974031177032558,-0.00030281914689123113
2017-05-01,0.05324256303040009,0.0017307918268940625,-0.010161178666199255,0.0009081824811314476
2017-05-02,0.021723477635178234,0.0011883435858113245,0.0014351196373922903,-0.001615142996955754
2017-05-03,0.025330039559928963,-0.001272169395827305,-0.0069558155103681685,0.002320962994624587
2017-05-04,0.031431814391310375,0.000581933287869596,-0.01609483100560194,-0.00454612032613344
2017-05-05,0.011496549171071457,0.004080359407478085,-0.001386979488867901,-0.0011144381712764329
2017-05-08,0.07632481902191035,3.744527190807645e-05,0.0004081465956584651,0.005055622419179784
2017-05-09,0.018403898923351925,-0.001025774556793202,-0.009017932534638007,0.004427850816283829
2017-05-10,0.017937028143165,0.001129962717449473,0.0024675122566781837,0.0008029894365035872
2017-05-11,0.03380135427898434,-0.0021651513741067774,0.0044261566880958725,-0.0005017353924667844
2017-05-12,-0.06962597013852267,-0.0014795353407937029,0.002858428292429771,-0.0037210556484259527
2017-05-15,-0.03974203487147232,0.004765142303014613,0.001955373350477352,-0.0034315367908890337
2017-05-16,-0.0022921058464477895,-0.0006871330369859763,0.005195680203700093,-0.008121078380017188
2017-05-17,0.05858053337167224,-0.018345468171115265,0.018054652911816405,-0.007057794813467133
2017-05-18,0.026591435579729428,0.00368003862721622,-0.0046230346493647545,0.0047107009308362535
2017-05-19,0.05112090162962346,0.00674470320820042,0.0007985945473087952,-0.007486018983891896
2017-05-22,0.06275487042773875,0.005146863296008775,0.006365900634421884,-0.0017513852379655859
2017-05-23,0.06545545339360448,0.001836185172380489,-0.004690847276664023,0.003807909852149294
2017-05-24,0.051740516883191034,0.0024860338045762376,-0.0019145062835237425,-0.0011305886647718921
2017-05-25,-0.05841669584305009,0.004432112041977909,0.002711128616023295,0.00010285501927320695
2017-05-26,-0.045515270812653164,0.00031050178530289685,0.009352470994601347,0.001541243816041593
2017-05-30,-0.03617577429230323,-0.0012053507295339827,-0.00434834863611222,-0.0012328206450868961
2017-05-31,0.0497381437480966,-0.00046007461995145604,0.007813483979482783,-0.0037075286136198926
2017-06-01,0.05176378021810457,0.007542595584847156,-0.003938563578929077,0.0028848030138171055
2017-06-02,0.032953587511441285,0.00370087461804669,0.007705084616984159,-0.004950461142170681
2017-06-05,0.06735100598126653,-0.0012184071404286456,0.001956105552711307,0.0008268068814167862
2017-06-06,0.0635852253047613,-0.0027829086662043423,0.011734194674689391,-0.001654297938173066
2017-06-07,-0.04684739043749975,0.0015670287963471807,-0.003327570358595544,0.0011376040391102293
2017-06-08,0.026532117208717843,0.00026716903566459393,-0.010754410560722683,0.0017555451459996263
2017-06-09,0.006462467476990419,-0.0008303338661868054,-0.006130205206869022,0.0036047053139576235
2017-06-12,-0.10636361588757026,-0.0009792424797181454,-0.0018938097960150557,-0.0013373517354651199
2017-06-13,0.021348727352916264,0.004501358843230108,-0.00023691832720373895,-0.0016484243424779166
2017-06-14,-0.08070016068395969,-0.0009963269653177065,0.005514864470222314,-0.00041255068996104427
2017-06-15,-0.016814098700645985,-0.0022421097968399195,-0.016317271069000938,0.005041918967562786
2017-06-16,0.021665893608168396,0.000283599150058933,0.0014364768755275037,-0.0027750327440028144
2017-06-19,0.016080900021749223,0.00831258320689443,-0.007845728356542736,0.0038008686422381643
2017-06-20,0.04978630510902349,-0.00671916044693166,-0.0025752076317164807,0.002253188397732586
2017-06-21,-0.012083164993093476,-0.0005828141932715525,0.0019320762655521406,-0.0019456505424200188
2017-06-22,0.006046838033450186,-0.00045588597243817475,0.0033721036946667837,-0.00020498865497486918
2017-06-23,0.01449481602903635,0.0015596985554084952,0.0068695659857471725,-0.0024635391117042715
2017-06-26,-0.043796671509225504,0.0003157519397332109,-0.007912051139774334,0.0013351540131312234
2017-06-27,0.029420318014429903,-0.008105586575672952,8.021469334718034e-05,-0.009902082733337814
2017-06-28,0.008714329466792847,0.008769501646550992,0.0012828542252272257,-0.004363170849008391
2017-06-29,-0.013871636990232084,-0.008637216844141982,-0.003049556093049688,-0.0043823713466348835
2017-06-30,-0.02329910763998555,0.0015320576108743822,-0.002817016742802103,0.0003137268941806326
2017-07-03,0.022716585492221775,0.0023081679791472354,-0.018547612954424864,0.005629049413899523
2017-07-05,0.00013455901540382342,0.0014522240362886407,0.0020506097083856645,0.0009351548116072195
2017-07-06,0.002521834270758916,-0.009412987306865794,0.0014737796623212063,-0.004893052490123395
2017-07-07,-0.035071388234270806,0.006382712569615201,-0.011189828782629085,0.001980946689525531
2017-07-10,-0.059670073291997916,0.0009273361035129213,0.002891727607337913,0.0004165460275453725
2017-07-11,-0.014763510291642135,-0.0007829870660822635,0.0012367565827515747,-0.003232759335629609
2017-07-12,0.025779268450500048,0.007279050947821553,0.003701118745908616,0.0005221433009197085
2017-07-13,-0.01721397283791859,0.0018728294734726703,-0.001478743893978951,-0.0006265409275068023
2017-07-14,-0.054273088825367743,0.004662616170009848,0.008432590518839156,-0.0064976411133272904
2017-07-17,0.1438615807515662,-5.291423670694684e-05,0.00504195032537158,0.00021022543486726164
2017-07-18,0.03979597271764046,0.0005976786981110038,0.006710018850760946,-0.004952785181404629
2017-07-19,-0.019794585747284543,0.00535825821605318,8.055077060920013e-05,0.0014778782874342866
2017-07-20,0.2145958192106443,-0.00015367108860697698,0.0028962994150303345,-0.0056064716542314486
2017-07-21,-0.05464632077387588,-0.0003679393292088662,0.007602773309408839,-0.0035066632104383544
2017-07-24,0.008918580766257733,-0.0010643009954085514,-0.0003189732922193045,0.0004257228064847851
2017-07-25,-0.06694254490338292,0.002918907519897651,-0.0017561253424647205,0.0007445588009584725
2017-07-26,-0.018422250208638857,0.0002826240061200025,-0.0021593571989519944,-0.0040486405221793476
2017-07-27,0.05474305942230462,-0.0009731616373942487,0.008450959718898865,0.0020263691959501173
2017-07-28,0.05008718365744613,-0.001342015678115871,0.006962092067635872,-0.006413002582702276
2017-07-31,0.04196256521949504,-0.0007284108345597673,-0.0014201571050573847,-0.004298325121765423
2017-08-01,-0.05617898537460686,0.002446120774938443,0.004725906807240499,0.0018290194942691684
2017-08-02,-0.002796165333308842,0.0004925274073475094,-0.0006287743880610819,-0.0021521255222021196
2017-08-03,0.034111462707778095,-0.002186041834946195,-0.0031501048621089822,-0.00021551683477838424
2017-08-04,0.03198518258855554,0.0018873214175396669,-0.007521510961367994,0.00783479578341062
2017-08-07,0.050064452917007785,0.0016458446442806363,-7.955307474905027e-05,-0.001176666014067962
2017-08-08,0.012060956427120573,-0.0024173522303856387,-0.0014315812317580168,0.002245140033423354
2017-08-09,-0.022912944057223328,-0.00036367479271248726,0.013125811461156545,-0.0012823548361877712
2017-08-10,0.01154429882536867,-0.01458021840074153,0.00837017549645136,-0.0012839196966272226
2017-08-11,0.0766427035875843,0.0012747571279874137,0.0031111483070125345,-0.0035394666532031493
2017-08-14,0.05999850660356998,0.009993651246049673,-0.0027217250231359458,0.004181632557726189
2017-08-15,-0.033669266143826704,-0.0004989323268835832,-0.008209906077677687,0.004164219297465799
2017-08-16,0.04550609057771382,0.0014190955233326363,0.0025092722903705678,-0.00384329092042357
2017-08-17,-0.010321242503652073,-0.015557342487191761,0.007412353852867426,0.0013896093560852307
2017-08-18,-0.04029362277580262,-0.001837053661351895,-0.0005443592909450956,-0.0020315691382588597
2017-08-21,-0.02124339359223626,0.0011619757145657772,0.0039589398932564634,-0.003538328177877581
2017-08-22,0.024384535605044277,0.00989169526062561,-0.004425701690303541,0.004821917448429858
2017-08-23,0.012360737249258236,-0.0034595701326392003,0.0029526430372124324,-0.004284971913297575
2017-08-24,0.04317329334896414,-0.002076616747138438,-0.001863807630716252,0.001394596087266109
2017-08-25,0.008481266861428693,0.001671471668937663,0.00465297466078507,-0.005805853587045995
2017-08-28,-5.013417577615087e-05,0.00048695347329630323,0.013219738670856351,-0.005731281306367464
2017-08-29,0.0438291240560158,0.0008424667620099413,0.0025926692188278366,0.001517115500138111
2017-08-30,-0.0030008191758987834,0.0046045317880603065,-0.0038150512418457794,0.00572261769587179
2017-08-31,0.02979936786414683,0.005704673584713937,0.006173075893794788,-0.0022635319786115105
2017-09-01,0.039319659681867236,0.0019805780423354236,0.006286269787906917,0.0015095904621515999
2017-09-05,0.032563502729336946,-0.007579458552145368,0.011037354562419388,-0.005401914747725556
2017-09-06,0.0491739220862204,0.0031238424931441244,-0.003965383824777291,-0.00021664835655421655
2017-09-07,0.0006001447663006587,-0.00017845204485311683,0.008361341114399679,-0.008269029137556672
2017-09-08,-0.08412374960926705,-0.0014899601434583687,0.0006688896405071532,-0.002187433307679676
2017-09-11,0.009253833940325862,0.010780975197147491,-0.011206691809561242,0.005786344789651565
2017-09-12,-0.007346793001923757,0.0033583025948829004,-0.002256488358733044,0.0005441916725175133
2017-09-13,-0.06197104848606649,0.0007568342480830381,-0.003469850010435316,0.006614923865376987
2017-09-14,-0.207529846818872,-0.001101323850828173,0.0009817808045111676,-0.004332696312161488
2017-09-15,0.1423295036032819,0.0018454775461593798,-0.0032512423615180808,-0.0027175405879749093
2017-09-18,0.1262960167034688,0.0014548619291288034,-0.010735988597468271,0.001957376652575782
2017-09-19,-0.03510422984139616,0.0011095796167319705,-7.662978472566806e-05,-0.002828571627197185
2017-09-20,-0.004857681376487122,0.000634146702309657,0.004430569417291252,0.007813400669962611
2017-09-21,-0.072981899673918,-0.003050565946915107,-0.016445482919126064,-0.002706068590979882
2017-09-22,-9.366567553570349e-05,0.0006475839951667339,0.0020899215909677693,-0.0009760231446200862
2017-09-25,0.063954725420583,-0.00222452269985407,0.010384308915688756,0.005194291061136447
2017-09-26,-0.008625829531936802,7.21641258953909e-05,-0.007527532775120527,0.003447904397191337
2017-09-27,0.07623090435074964,0.004076822401987812,-0.010541079977072876,0.004186120918071801
2017-09-28,-0.006194336903600828,0.001203890628937998,0.001634922366573477,-0.002896266726965635
2017-09-29,-0.0027969402299081736,0.0036982630684985196,-0.003116480901819152,-0.00010736968301916505
2017-10-02,0.0012662095917033156,0.003866518829712895,-0.006890677171901949,0.0051435575154981095
2017-10-03,-0.021048548498461273,0.0021565111846602036,-0.0009432837700495966,0.00010690040492455921
2017-10-04,-0.02062124514520569,0.0012459436611136354,0.0017287063978832506,-0.0011762885499981834
2017-10-05,0.023149656085278636,0.0056309040312934044,-0.0029878358398844895,0.0053356225705600835
2017-10-06,0.009748054894298974,-0.00107421116523998,0.0013377544169914657,-0.0017042615000031347
2017-10-09,0.034437730607516315,-0.001806063868014185,0.007989447326365529,-0.000639918841239151
2017-10-10,0.002087127436135816,0.0023197196304787226,0.006841829421378343,-0.004812038919022932
2017-10-11,0.00926059259103873,0.0018018829296631012,-0.0037260769024234364,-0.003543647531662586
2017-10-12,0.12093108463263746,-0.0016881771203509643,0.005815998493391206,0.0017197302232236922
2017-10-13,0.036113106875085066,0.0008777220048461487,0.006320316258744185,-0.0003222856892612924
2017-10-16,0.008313063950488697,0.0017492225323056942,-0.00123008823915427,0.0020389817267947308
2017-10-17,-0.021195572848553113,0.0006723529054335486,-0.013086271579829223,0.0022487463376528183
2017-10-18,-0.002647296986753034,0.0007420595113298845,-0.002419116678914257,-0.001391461337481914
2017-10-19,0.02085709532306268,0.00032794411501058107,0.005454275534116704,-0.0009645177687103157
2017-10-20,0.05170621739978287,0.005103796185029985,-0.007409463231041968,0.004599679927719258
2017-10-23,-0.013083660993739699,-0.003980395312996876,0.00023476714183878755,0.0025581499129216922
2017-10-24,-0.07049808413802694,0.0016166008745583937,-0.0021153697891094225,0.00021284345906913416
2017-10-25,0.0397588809285736,-0.004673955687260367,0.00031369543092374386,-0.002664252680974144
2017-10-26,0.026431731700242267,0.0012701392506020426,-0.0071605730072059615,0.009558287801651133
2017-10-27,-0.021211310291384677,0.008040609979727442,0.0017357990230921772,0.0032712271094679224
2017-10-30,-0.003796746882876789,-0.003197577376741201,0.004404927786188395,-0.004540426090529515
2017-10-31,0.053647596425813404,0.0009440129366797834,-0.005588126504386004,0.0006348411945928945
2017-11-01,0.04517490778615674,0.0015908441079037772,0.005588126504386004,0.0028515268743758426
2017-11-02,0.04495834544204236,0.00018994776966696492,0.0006277354683383862,-0.0013719304769415075
2017-11-03,0.01809617004484565,0.0030922893263145568,-0.0066105728521330676,0.002636715059869843
2017-11-06,-0.05332460184821919,0.0012704438847759292,0.010134046656737894,-0.002319954815239278
2017-11-07,0.017169747457019824,-0.00018912080508215467,-0.00446522483841072,0.002003928704287894
2017-11-08,0.043187833291547406,0.0014426139320606879,0.006183266004363475,-0.0004215503716817892
2017-11-09,-0.04329978834888415,-0.003768981339369759,0.0031162381684790574,-0.004542824287080194
2017-11-10,-0.07639967782768053,-0.000898046976053557,-0.010320616370499636,-0.000529609198133052
2017-11-13,0.09750993711052125,0.0009831509112929737,0.003843613213939001,0.0010588573159493464
2017-11-14,0.011558806559355261,-0.0023122805602824315,0.0032827535277863973,-0.0070093323699733645
2017-11-15,0.09752915968167031,-0.0055409987421235485,-0.003909309122587246,-0.00021321970370635768
2017-11-16,0.07327191344658601,0.008162652782972124,0.0007048235582587381,0.0012783931425452977
2017-11-17,-0.020885560755640853,-0.002629416978897403,0.014301521457896982,-0.0028785843999630245
2017-11-20,0.020219707267559173,0.001274869888790775,-0.016495917971793617,0.004474260757626247
2017-11-21,-0.0159025822498986,0.006519838879752271,0.00508668007937807,-0.0013828102363699912
2017-11-22,0.022333812274014875,-0.0007505427033294154,0.008162676176656447,-0.007800389337229596
2017-11-24,0.026384336294809074,0.0020539842782323348,-0.003800977739327749,-0.004946768622475339
2017-11-27,0.050959102209494844,-0.00038433158680373225,0.005502899107364456,0.001508126827771683
2017-11-28,0.02419480982177369,0.009800332196793882,0.000695308000776329,0.0038676520416016658
2017-11-29,-0.01706422854203815,-0.00036929388279105524,-0.009779630834338526,0.0
2017-11-30,0.03429276074330723,0.008157586662811411,-0.0069659614591834895,-0.00268427706422969
2017-12-01,0.06999820553385128,-0.0020265829358052656,0.004388798311229181,-0.001183374977371976
2017-12-04,0.02907029602992317,-0.001052710549286573,-0.003525129832616436,0.0031167837509666896
2017-12-05,0.022016762442421012,-0.0037463905259551566,-0.01001630923867669,0.002036714134111328
2017-12-06,0.18172416088180832,-0.0001141121705305892,0.0009507790532286009,0.002460061773974509
2017-12-07,0.2251189543413279,0.002928067010109281,-0.010347938786658517,0.0020276666431033874
2017-12-08,-0.0772262649438904,0.005491202035518228,-0.003687457209357703,0.0010655139173483263
2017-12-11,0.09153033338474792,0.0031968421216959086,-0.0012053519550523362,-0.00031952685593505947
2017-12-12,0.027866079189227122,0.0015477237220897777,-0.004189798469907302,0.0024471547675064542
2017-12-13,-0.05957373243077235,-0.00047306897015086946,0.005555813112327002,-0.00714553430460807
2017-12-14,0.009450503424906387,-0.004079167730762556,0.006722195742235648,0.0006419597821736289
2017-12-15,0.06672275050137522,0.008934313410143169,0.0003987081752363508,0.004695371401998827
2017-12-18,-0.001390749799384139,0.005348478579596971,0.006278504505989879,-0.0024516705804717986
2017-12-19,-0.07254290633921201,-0.003235498043117957,-0.0011891079589432252,-0.0024576144205914474
2017-12-20,-0.06700506450657429,-0.0008282360735725192,0.004274206737060915,-0.001284688612383178
2017-12-21,-0.05069001039219856,0.001983687012658386,0.0009474013739518838,-0.0007501441262052211
2017-12-22,-0.13322321728215947,-0.00045827163811384963,0.006371182406176956,0.0007501441262052211
2017-12-26,0.1378513383721831,-0.0010589757000589728,0.006798190801191595,-0.0009645393555919313
2017-12-27,-0.01636315248910769,0.0007906283102423473,0.0022558637714853447,-0.0024693056274962544
2017-12-28,-0.08097704981335418,0.0018323190029194691,0.005501525365827931,-0.004632883484900319
2017-12-29,0.0033968323339585993,-0.005196632292747694,0.009383296909513561,-0.0051970204062117276
2018-01-02,0.09258925971214182,0.008269078218397397,0.0056487954355946,-0.0029353097193389743
2018-01-03,0.01450508605496914,0.006378433243936499,0.0019012136171543403,0.003369441635602044
2018-01-04,0.025858428248032084,0.004020542855326603,0.0024283463684655615,-0.003369441635602044
2018-01-05,0.11094452953729395,0.007009145888585699,0.0006819141750700197,0.001088122812602954
2018-01-08,-0.08267549955484554,0.0016609637672972966,-0.0012884713036926954,0.004124217755157922
2018-01-09,-0.038619922206656554,0.0013020835172978806,-0.005246580568031511,0.002163767452257659
2018-01-10,0.025562164635523743,-0.0011128458115203799,0.004336147142567803,-0.002163767452257659
2018-01-11,-0.11058116741362234,0.007009025768881294,0.0024260445347756843,-0.005212340567760876
2018-01-12,0.04198319183702104,0.006726926399094779,0.009645929220218896,-0.009626999795694147
2018-01-16,-0.18458172530715267,-0.0035307132616031467,0.00149880121238688,-0.006396160194817924
2018-01-17,-0.02662523913776127,0.009371006206502663,0.0019450709821953183,0.0016581170617708807
2018-01-18,0.025266707476315986,-0.0016176974974735359,-0.0090090699423655,-0.0004419014137866384
2018-01-19,0.011480784055017068,0.004375647986989861,0.004439620791428567,0.0007731783114746094
2018-01-22,-0.059374267538764514,0.00803436438221361,-0.0007510891007012077,-0.0018787447400328006
2018-01-23,-0.005779885423653042,0.0021720049682221187,0.0036000389903172447,-0.003102138236337204
2018-01-24,0.04418609725643563,-0.0005601325472319729,0.015009996047209206,-0.010149015377901804
2018-01-25,-0.008842259367552785,0.0006024393988326437,0.004782409794310105,0.0020156816087153473
2018-01-26,-0.00784639410255572,0.011771638106083948,-0.007958810491319745,-0.0035862382542672933
2018-01-30,-0.11132515302966794,-0.010958642805337426,-0.012058167071073989,-0.0013444833082703056
2018-01-31,0.011295200421317375,0.0004888658586947869,0.002692175985194112,-0.0006730057240451615
2018-02-01,-0.10845799638872755,-0.000648298352023069,0.003950401091376676,-0.005174354585465224
2018-02-02,-0.03775622775012444,-0.021436680516699447,-0.00791646976522653,0.005959412631732164
2018-02-05,-0.17398211533124908,-0.041842540938381134,-0.0005249568386131997,0.003916157212103144
2018-02-06,0.108709190826632,0.017290573348937244,-0.005189755905579574,0.00044650314763305943
2018-02-07,-0.017261906053983367,-0.005014138223752518,-0.010994537916590552,0.007450752333208577
2018-02-08,0.08115416198670111,-0.038259052245801506,0.004032760898676102,-0.0003324148557828366
2018-02-09,0.055463550667886,0.014825645199524118,-0.002889772982946681,0.002324671193936645
2018-02-12,0.0934749976251279,0.013818665678186015,0.008417731344798618,-0.002546398884827994
2018-02-13,-0.03746663522015048,0.0026095219802773073,0.0029408644064385925,-0.005669540476778145
2018-02-14,0.09916074093751703,0.013313439808896987,0.02042105891521473,-0.0064869280450317035
2018-02-15,0.06836184023154956,0.011996861776776058,-0.0025114686304110734,-0.005964863911680496
2018-02-16,0.006617573638271423,0.00037339964992089136,0.0008132005147931665,0.005740374265086778
2018-02-20,0.015767739342638976,-0.005858517106837269,-0.01819580577798785,0.006934405906405594
2018-02-21,-0.06459170224791144,-0.005511664483310419,0.0009026261706850391,0.004004461460659137
2018-02-22,-0.06626121098880944,0.0009730774855780666,0.00045100774382689224,-0.0036701573499744455
2018-02-23,0.02916567969339212,0.015901278245120665,-0.0018053446156436337,0.0014473893904165536
2018-02-26,0.07011553986619923,0.011688438620627295,0.001880477512149703,-0.0006677524968505821
2018-02-27,0.034034606098973796,-0.01278831144146686,-0.011488261375784958,0.00599403409251309
2018-02-28,-0.031029470636465106,-0.011157806083656574,0.0,0.0027628906155303667
2018-03-01,0.05182687604474623,-0.013413965854875975,-0.0096242535332145,-0.0032056725074198766
2018-03-02,0.01228839083196931,0.005058785485198669,0.013872136457073303,-0.004216107975184791
2018-03-05,0.0052586502353069164,0.010971617610525897,-0.0022734172079488246,0.001555376230969685
2018-03-06,-0.0710173788230346,0.0026353829319969435,0.011690746933441076,-0.0051196447133898815
2018-03-07,-0.07854714164884058,-0.00048399182571667865,-0.005715142383890814,0.00022310211883347364
2018-03-08,-0.05895751127349236,0.004453148208884983,-0.004610897113995982,0.005340503917178552
2018-03-09,-0.006134788034012573,0.017229546741207358,0.0018922913369374683,-0.0003330160270920146
2018-03-12,-0.03977469953506585,-0.0012747973379978461,-0.0022711796760663816,-0.002111171563250025
2018-03-13,-0.0011163614975213676,-0.006383910414315075,0.004914386241190449,-0.002673178878945137
2018-03-14,-0.1060320200204039,-0.005740969825188458,-0.0011319474267272867,0.000445955471225723
2018-03-15,0.0037476840392205446,-0.0007822363990968029,-0.00575495710344498,0.004893275448427659
2018-03-16,0.004506141978666278,0.0017019979472321367,-0.004185539229897728,0.0009979927192418359
2018-03-19,0.04830210672516699,-0.014306040541374188,0.004185539229897728,-0.0036640447599500803
2018-03-20,0.032243718870873295,0.0014807086617194543,-0.004338127119398294,0.005214425855851523
2018-03-21,0.0017722101148152092,-0.001845692125629128,0.0072954011940575825,-0.006550164549312676
2018-03-22,-0.022745729727736475,-0.02548488697285478,0.004457397609610503,0.0008906906770818068
2018-03-23,0.017168711059966313,-0.021189807311750464,0.016966715936515442,-0.00468487373089399
2018-03-26,-0.03428971504220435,0.02679504070603489,0.0037725942201793927,-0.004594658828933618
2018-03-27,-0.04692919680936569,-0.017427285645321255,-0.009719240533039297,0.0038117082515709555
2018-03-28,0.015384599545303246,-0.0029209188994627766,-0.012830862694559464,0.007691001638754358
2018-03-29,-0.10442950860100275,0.013675777493843633,-0.0010577275967262878,0.0009988788105648183
2018-04-02,0.034404500623484324,-0.022590682343496482,0.014484794192477501,-0.001109861063769202
2018-04-03,0.05122335284347912,0.012535961315741417,-0.0069535041644925855,0.0016642877237851295
2018-04-04,-0.08422475580705502,0.011500102346446717,0.0022483707966793887,-0.0006653827439908611
2018-04-05,-0.006201068910305807,0.006839421401651613,-0.00864634504119266,0.0035437434375475974
2018-04-06,-0.02605042094133836,-0.02216406705706575,0.005722457733424058,-0.0038766009085478004
2018-04-09,-0.036655612766454126,0.0033309949675937034,0.0032981247895707,-0.003000883352735073
2018-04-10,0.009412414998555718,0.016588598996313486,0.004256401204820293,-0.002786603934448628
2018-04-11,0.019352815614150032,-0.005540685772460918,0.010746814567358598,-0.00022322665318430523
2018-04-12,0.12412693581038248,0.008216898697656738,-0.013432964185141394,0.0020075882884054153
2018-04-13,0.000850158009713553,-0.0028907998267069246,0.004770450489398392,0.0005569819237045692
2018-04-16,-0.03300812914143947,0.0080763368015635,0.0020056843799087787,-0.004128809521549037
2018-04-17,-0.019621259128287605,0.010605071613866812,-0.00022269553924481045,0.0010058267338663995
2018-04-18,0.032535927574945944,0.0008310204075527849,0.0029647221128232815,0.0011165135005626325
2018-04-19,0.015906496489627386,-0.005742581795832535,-0.003261605814892654,0.0035642684824201964
2018-04-20,0.06437648463048973,-0.008573177188352155,-0.007527591093269059,0.004216107975184791
2018-04-23,0.014483697709081866,5.6230111184163434e-05,-0.010679968716114097,0.0068410587806271295
2018-04-24,0.0823531991874269,-0.013470888006475334,0.006707153771284169,-0.0018711776875237618
2018-04-25,-0.09193210663750406,0.001835374232824094,-0.007690660944510874,0.004397077957168705
2018-04-26,0.04808821013231679,0.010380144187376317,-0.0037155700328845853,0.004268592906965019
2018-04-27,-0.03223959330684423,0.0011130052713639316,0.0030342129414098196,-0.00021842319292808554
2018-04-30,-0.019136041014403915,-0.00822119254892062,-0.0031102605435355812,0.003271847469483724
2018-05-01,-0.013240166694592048,0.0025458021710269563,-0.009465644983154498,0.006620032126942732
2018-05-02,0.012739001376983694,-0.007231951201402076,-0.0009208665713247299,0.0006488450518000732
2018-05-03,0.053537157891065945,-0.00225621758506378,0.006199060002289869,-0.0010815323462356474
2018-05-04,-0.004433170333562941,0.012729810028334398,0.001524739240619688,0.0017298742535389877
2018-05-07,-0.029620923127989585,0.003451980554990186,-0.00038096691275768535,0.0019425897051270624
2018-05-08,-0.01485310141877072,-0.00026567661173348966,-0.00015239019585600033,0.003981311990664871
2018-05-09,0.009737078547251699,0.009635647934868707,-0.0005336417302306273,-0.0008594954276519573
2018-05-10,-0.030623267109053387,0.009327011603848412,0.007218601800712321,-0.004200548849906838
2018-05-11,-0.06893610659669847,0.0017061392709614154,-0.0013637768572012376,-0.0011879758284818465
2018-05-14,-0.0008199646268760574,0.0008830995101263284,-0.0018971737809501121,0.0005401115358978359
2018-05-15,-0.02396447419619463,-0.006865655043990948,-0.021187539583849002,0.006781199131391524
2018-05-16,-0.016772482047846538,0.004052339847514297,0.0010080469002327064,0.0018219625466553424
2018-05-17,-0.03335153970564164,-0.0008562387886099643,-0.0015513500441075578,0.0008562756682177763
2018-05-18,0.01916817663872017,-0.002635665254550723,0.0015513500441075578,0.0018170938503141443
2018-05-21,-0.011133876917273966,0.007359604547933607,0.0,0.0004270864424578136
2018-05-22,-0.04583947139821376,-0.003140688592875307,0.001161935183777274,-0.0007475006432962061
2018-05-23,-0.062067659444725365,0.0032431452068992783,-0.0018596691479242367,0.004263960410091805
2018-05-24,0.0038982826938891435,-0.002025262957722873,0.011106864926633264,-0.002449581669126566
2018-05-25,-0.014229521588760008,-0.002360003054185711,-0.0003067912135685802,0.004362444109968777
2018-05-29,0.04609061158009098,-0.011631572511792143,-0.003535820483316243,0.00677178944970791
2018-05-30,-0.008880942351451537,0.012615875351923656,0.002153718916270364,-0.007196562894394631
2018-05-31,0.01176467849979801,-0.006903333243434062,-0.0010762796451002643,-0.0017009004061181443
2018-06-01,0.006289122618005294,0.010790799709239352,-0.004084885026490959,0.0021256738508048656
2018-06-04,-0.02701622323891506,0.004469594898352192,-0.001313863341481536,-0.0018065548632195672
2018-06-05,0.01574996113095395,0.000702346269576104,0.0033969186184963363,-0.0013836121217742914
2018-06-06,0.0026452866114361484,0.008530900637311767,-0.00030835151545183237,-0.002452634914315688
2018-06-07,0.0031646133192779757,-0.000714443621984806,0.001232741993757891,-0.002779881283601071
2018-06-08,-0.0069685643656463014,0.0031210289077518993,-0.00046208842693662433,0.0016047237699439165
2018-06-11,0.017659179795872504,0.0010681370069400842,0.0006161331177771956,0.00032061966302698863
2018-06-12,-0.04813047339938237,0.0017418672787039569,-0.0029298778307511597,0.0023481835421090835
2018-06-13,-0.03595427350674818,-0.004034254541411819,0.0013889267881950218,-0.0009599911809710093
2018-06-14,0.04998260262806298,0.0024685005225038026,0.005459643319964513,0.011247970694262754
2018-06-15,-0.03332187405601239,-0.0010176203154941277,-0.022804078760698232,0.00021106006322835213
2018-06-18,0.03560119143946139,-0.0021283911808867018,0.0012544894477866109,-0.0004220841608946202
2018-06-19,0.005201158253765215,-0.00403151795139145,-0.00047023717706196067,0.003581929076782231
2018-06-20,0.0009758784644162688,0.001710690224112632,-0.003455339185167716,-0.00031552753624719543
2018-06-21,-0.006931549314602492,-0.006365728843220175,-0.0031515942835920185,-0.0020006831472780817
2018-06-22,-0.1009251346030755,0.0018602032551342518,0.00015787362465857768,-0.0036961455526762776
2018-06-25,0.012228084684467788,-0.013819722967770787,-0.0014212784296390168,-0.0025423516828215753
2018-06-26,-0.025199768617493845,0.0022021505056963875,-0.007136657182704731,0.004233722748722357
2018-06-27,0.010360226200308631,-0.008641586313141048,-0.0030285563284468964,0.006422095098880476
2018-06-28,-0.042075518926674604,0.006159680019031555,-0.003999045403676682,0.0010488617907338238
2018-06-29,0.051961304162501776,0.0007581158875167304,0.0028010100848696595,-0.007999223262922683
2018-07-02,0.03513597605397756,0.0030632608342937573,-0.009232934241235391,0.0025330408600838794
2018-07-03,-0.012871725512868082,-0.004959629280533839,0.00947259763675401,-0.002955838846322223
2018-07-05,0.006284119229603036,0.00858385674553741,0.004543890146389451,-0.0012693868068316405
2018-07-06,0.005162002311365654,0.00844551760058021,-0.0023889164756205616,-0.0045621032952603
2018-07-09,-0.004754487007430086,0.00878429078534193,0.003024939992369191,0.0004252702056790625
2018-07-10,-0.06302716705345013,0.003467249318822141,-0.003423648167605542,0.0003188137431511251
2018-07-11,0.010178711879893498,-0.007119486371916395,-0.008812040976282631,0.006460866666977871
2018-07-12,-0.026285767240594282,0.008710991580171523,0.0017685920911132413,0.0009496791561671714
2018-07-13,0.001482289507841017,0.0010786555366086858,-0.004346802680328388,-0.0006330192168180204
2018-07-16,0.05834774166521406,-0.0010286646208985673,-0.001210800510808241,-0.002536172352349375
2018-07-17,0.08243286458020904,0.0039658243434432805,-0.010065857197482764,0.004855393498240268
2018-07-18,0.006771106197492216,0.002158182076737347,0.0004894760752298666,0.0011575966416090822
2018-07-19,0.012951038487557298,-0.003960826849048971,-0.0031853862009256773,0.0009460850943856514
2018-07-20,-0.015212500162380849,-0.0009488977712743818,0.005791423271754859,-0.007488292068672742
2018-07-23,0.038686564334449614,0.001836362343230924,-0.0044833985839760615,0.002220686023605367
2018-07-24,0.0884546416030787,0.004769518886053703,-8.168273621933508e-05,-0.0006339556317636053
2018-07-25,-0.029254690417220175,0.009060435070372463,0.006109251967322038,-0.0026459241597862615
2018-07-26,-0.028491418656974687,-0.003036902748867476,-0.004966001498039496,0.004124582954731615
2018-07-27,0.026487261573523213,-0.006583834644844799,-0.0022060331796796007,-0.000739056093518542
2018-07-30,-0.004632012619252279,-0.005770789315587166,-0.001063813468161534,-0.003385526861213073
2018-07-31,-0.050137941881997605,0.004872837219302539,0.0019631109320892293,0.0013767251787246693
2018-08-01,-0.02019234469295661,-0.001040893067570714,-0.004750931950486148,0.0013749130439730806
2018-08-02,-0.007604042111257314,0.004914349582208821,-0.006011999848420935,0.0057958476139194914
2018-08-03,-0.017699946974246927,0.004633432065348053,0.002969299191421193,-0.0003152622555848694
2018-08-06,-0.01664487034880935,0.0035319826508013463,-0.004622738754922473,0.0023097251287023113
2018-08-07,-0.028995953086402793,0.0028202017464860063,0.0008270615145109517,-0.0014691931313475237
2018-08-08,-0.06853482384772036,-0.0002624143932949963,0.002477088262295979,-0.0012610630798404188
2018-08-09,0.040774573013564464,-0.0014427146770401578,-0.0005773983842614072,0.0041972939803338605
2018-08-10,-0.060164276035962416,-0.007139312263245046,-0.0006603787513004278,0.0089649365940625
2018-08-13,-0.0039809244546145095,-0.004014037665980297,-0.01648382857584263,0.0003112713830253355
2018-08-14,-0.01566130632947882,0.006368930016417806,0.0014259543053389834,0.003521171434845094
2018-08-15,0.017398593339542856,-0.007631208581378779,-0.013077596207343056,-0.0003102559983947373
2018-08-16,0.004146085616168804,0.007888214552638217,-0.001104685378172654,-0.0005171494582070224
2018-08-17,0.03808327820833668,0.003317606375262905,0.0002550676550168163,-0.005706921343801241
2018-08-20,-0.03083290846744191,0.002425074902128621,0.00871672139192281,-0.0020833022976756155
2018-08-21,0.028168761359932404,0.002066399954626874,0.004875126658373752,-0.0066959800025623295
2018-08-22,-0.01741912892269326,-0.0003982310542438583,0.0030977237750970943,-0.0011554080192555105
2018-08-23,0.024501682068240882,-0.0016926939235348826,-0.0078043853831424315,0.004927422143164328
2018-08-24,0.027928230011097455,0.006179705928285095,0.016128748439265372,-0.004927422143164328
2018-08-27,0.0261023761987218,0.007641141407110474,0.002235707565859002,-0.0038962061186111896
2018-08-28,0.03027780971291527,0.000269242077598264,-0.0013242640321067256,-0.0006332196369234211
2018-08-29,-0.006945951847084686,0.005685242468912222,-0.0024047645277596175,-0.0012677240951521895
2018-08-30,-0.009829420799983168,-0.004440172044458457,-0.005661532869709163,0.0012677240951521895
2018-08-31,0.008469072019252621,0.0001344684673050267,0.0021685560260156223,0.004424300565649908
2018-09-04,0.013897370676710707,-0.0016556920488790539,-0.006351962565760871,0.002938696309702671
2018-09-05,-0.08041781637747292,-0.0028070628012661913,0.0018429166421238818,-0.0030438325520547593
2018-09-06,-0.039587838057258296,-0.0036589910366187084,0.002507523830407976,-0.0011569879164152752
2018-09-07,-0.009556698168818656,-0.0022157978950136936,-0.003596114122648153,0.0036767319599766424
2018-09-10,0.004566762205364228,0.0018960282146931462,-0.0005027868974396554,-0.002309482611324576
2018-09-11,-0.0013437780737515226,0.0037328656897148704,0.0020097347155791923,-0.0009463642756504242
2018-09-12,0.004829112103061917,0.00035660834989403867,0.007749654927954985,-0.002738804050556709
2018-09-13,0.02572351655486571,0.005268352159391476,-0.0022436966462970886,-0.0027464064034026237
2018-09-14,-0.0007060768656490524,0.0002754439007661702,-0.005840650729542318,0.004643343415447809
2018-09-17,-0.03688071788794467,-0.00558529099154903,0.003925299454992093,-0.004960706854372887
2018-09-18,0.014242423616419586,0.005354652867625376,-0.0024201158014891533,0.00116322762031551
2018-09-19,0.004266345706213315,0.0012524880331721278,0.004501801970304697,-0.0007400718493801861
2018-09-20,0.018753903731685284,0.007810014185328562,0.0033217105465146446,-0.006791911568653219
2018-09-21,0.03248666575188608,-0.0003686009370067467,-0.00832505674484274,0.0032955704153074805
2018-09-24,-0.017318842593150308,-0.0035218823140139577,0.0025882691604381947,0.0004244579309800045
2018-09-25,-0.022841248739725373,-0.0013059484931181586,0.0005834628245633411,-0.001380167778231467
2018-09-26,0.007499922625337163,-0.0032946996811595852,-0.005012541823544048,0.0006372683742164043
2018-09-27,0.0275986920872473,0.0027594762285110264,-0.009847279784212404,0.00856284684580011
2018-09-28,-0.004897601761744141,-6.870144138027001e-06,0.007751282370461965,0.0019980283103899765
2018-10-01,-0.00543920393591435,0.003634492342198037,-0.0036996800454476286,0.0011549227718674615
2018-10-02,-0.005099772645628775,-0.0003967689102788441,0.012806242249857824,0.0022011337304110867
2018-10-03,-0.008195393817457486,0.0007112667367188408,-0.0034156533069067407,0.002614107144679245
2018-10-04,0.011331035300969461,-0.008203035421010085,-0.0009184702430271585,-0.00010445549713278268
2018-10-05,0.006938348855323184,-0.0055433145846226495,0.0033355602664464357,-0.0013585961388704604
2018-10-08,0.007435585416514456,-0.0003951947083491447,-0.014084678619262547,0.0015674165596051282
2018-10-09,-0.0014426384505714651,-0.0014189098341548245,0.0023612144438462934,-0.0009401550896228628
2018-10-10,-0.008634710127935818,-0.03341638904260158,0.0017673875050832066,-0.0017783169786582675
2018-10-11,-0.05129538214462315,-0.020787579972541437,0.028350664093339084,-0.005143615983140393
2018-10-12,0.0029271598167834867,0.0141062354083763,-0.004423356219553476,0.0021026561561221513
2018-10-15,0.047436333605533676,-0.005922482291300213,0.006790820801527708,-0.001576557425263303
2018-10-16,-6.521446177742973e-05,0.021267828034901015,0.0007336059237568193,-0.00021035811962200057
2018-10-17,-0.007865727557092583,-0.0002526942626648321,-0.0029376582988742683,0.005560511266005541
2018-10-18,-0.01040167369568934,-0.014496490575340637,0.0022855686089613414,0.0033423854932275177
2018-10-19,-0.0017462065653059966,-0.0003612351352799692,-0.000978832893209436,-0.0019832211583628023
2018-10-22,0.0007417487198999595,-0.00430879709647769,-0.0033518099283380565,0.0031295983174395303
2018-10-23,-0.001761939764286069,-0.005527076180694479,0.009940661474511892,-0.0005209465288400494
2018-10-24,0.003099024997764488,-0.03135077386114027,-0.004550613589319852,0.004885931256256804
2018-10-25,-0.0030141263870877566,0.01845371797871387,0.0010581845953803182,0.0025891993048050566
2018-10-26,-0.0002378247716183779,-0.017479138010003226,0.002762452559275985,-0.003315374911090352
2018-10-29,-0.023990543470313597,-0.006581208295194152,-0.006512029524622598,0.0022805153235916364
2018-10-30,0.0002589641886441285,0.01554532297187805,-0.0015528787665672894,0.004442388589577462
2018-10-31,-0.0026336269445916827,0.0107928787545708,-0.008460296595855787,0.001236171142941167
2018-11-01,0.009479090296347081,0.010502498868529386,0.019360936987836475,-0.008789658900663966
2018-11-02,0.0016700572222632104,-0.0063367210558800124,-0.004134730067067771,0.002696839479552793
2018-11-05,0.006803869277641539,0.005584693697194609,-0.0008940347270804949,-0.0019700606922041786
2018-11-06,0.006420434910365813,0.006239787744408254,-0.0048907822962700465,-0.00031140063138401786
2018-11-07,0.010642787457474157,0.020987078560773753,0.0019591045806830465,-0.003327786924321785
2018-11-08,-0.01177166147441433,-0.0025120689884907677,-0.0026948093485055225,0.006644536402944823
2018-11-09,-0.010608136324314899,-0.009241585915372497,-0.013584368668582592,0.0027900226644437254
2018-11-12,-0.006258557445205426,-0.0198981509854681,-0.004236394117413056,0.006479809132855507
2018-11-13,-0.0018506025222677636,-0.0014830188221734986,-0.0017497173022613666,-0.0024635391117042715
2018-11-14,-0.10277649273173672,-0.007596188818451033,0.007228707752084063,-0.005151994747421895
2018-11-15,-0.01586495582727565,0.010538032742642756,0.004048441325541496,0.0013420458439767913
2018-11-16,-0.01291584159438841,0.0022208375374832556,0.006574645378254473,-0.004756979816761486
2018-11-19,-0.14356147255391427,-0.01678316123572099,0.0018821780054922854,-0.002906664290564187
2018-11-20,-0.09007563428611043,-0.018317995556586197,-0.0033577490512390895,0.0064248419678412105
2018-11-21,0.03320365546509585,0.003038669310766906,0.005562881404039821,-0.0010334692513032095
2018-11-23,-0.004322277012642317,-0.006576419711855408,-0.00392353677460644,0.0021690767937476707
2018-11-26,-0.05928995928609382,0.015412975845366716,-0.0006554554094462262,0.0015464875243704768
2018-11-27,0.010945085463911042,0.003256384364612508,-0.007403176331916228,0.003085818618085767
2018-11-28,0.10822444579237178,0.022714051303114324,0.008386198408280698,-0.005974490578445568
2018-11-29,0.005020181260203316,-0.0021854945453938512,0.0022080983593433245,-0.00010334386790411543
2018-11-30,-0.06308129823555753,0.008137547716617455,-0.003191120435707795,0.005050233617851063
2018-12-03,-0.061195790047934295,0.010882001794362495,0.011165164989324516,-0.002367308299517923
2018-12-04,0.015988811461090435,-0.03290022883855581,0.0058181587735823825,-0.0007216091654136392
2018-12-06,-0.06404661855090765,-0.001523387914144081,-0.0024201367564939957,-0.0016513953914705226
2018-12-07,-0.02915174921548669,-0.02359633545632267,0.007002381348266695,-0.0031036174595922006
2018-12-10,-0.03135850250725625,0.0017606032229169344,-0.0024895396566160244,0.007329812119546197
2018-12-11,-0.022540327664478,-0.0003564096753061463,-0.0014482837866971465,0.0017470655326210505
2018-12-12,0.018046272769710825,0.005404871010351364,0.002011021030000393,-0.0036002556356908855
2018-12-13,-0.050968961408146995,-0.00019995031241482053,-0.0013671131226420385,0.00020604475316154947
2018-12-14,-0.0217185542488334,-0.01927121226870021,-0.004597299127495624,0.003907510193577046
2018-12-17,0.08625387653959038,-0.020992284828576402,0.008372311271494404,-0.0034954694342994586
2018-12-18,0.04148507479473018,8.639685378852846e-05,0.0014419026574250537,0.0004118710516136659
2018-12-19,0.013408299801074719,-0.015515459175936108,0.0023188148550019605,-0.001029956564052803
2018-12-20,0.09867679132172569,-0.015897809484104464,0.00914264843048418,-0.00786267383413719
2018-12-21,-0.059262300440080296,-0.020803120498540828,-0.007785791822915833,0.007037912642490873
2018-12-24,0.019714192015417353,-0.02748657287831424,0.010867477681361315,-0.004237472396105169
2018-12-26,0.010897550330662753,0.0484031776708056,0.0013402857721249717,0.0051653005776515215
2018-12-27,-0.05391629952715249,0.008526228968816163,0.0063617710388754745,-0.005890573287268275
2018-12-28,0.0710402860729289,-0.0012423539102313086,0.0020334556603831544,-0.0009333123091899154
2018-12-31,-0.03240073596075632,0.00845662586220719,-0.0012508605650429772,-0.0022850157791518555
2019-01-02,0.025657066653892002,0.0012676930626263072,0.0021099145250547124,0.006736141674936746
2019-01-03,-0.027422321806191974,-0.025068331818915546,0.008395609500155388,-0.005281451136242232
2019-01-04,0.005452331614920425,0.033759399060347306,-0.007069439157760371,-0.0012467026777098766
2019-01-07,-0.012684700557386464,0.006985975995229765,0.003191361071129606,-0.005002650903429107
2019-01-08,0.001390154770684049,0.009648587336497094,-0.0028016342498524693,0.0019832211583628023
2019-01-09,0.0011030020343767433,0.004089671332821787,0.004742553228195057,-0.007115981214347755
2019-01-10,-0.09245928249298174,0.004508241374462152,-0.0035742832584517714,0.0033550009582850038
2019-01-11,0.0022917701090907627,-0.0001463085444823875,0.0018664166569104523,0.0013597330063221946
2019-01-14,0.04218810159294328,-0.005271394587249567,0.0015526748231557974,-0.000836576785718357
2019-01-15,-0.020548563372546624,0.010664618879761001,-0.0022521847725425204,0.003967481584088439
2019-01-16,0.006679301401545601,0.00221952052908847,0.004189644244261714,0.0009373154720790922
2019-01-17,0.00642448558032882,0.007562730706236032,-0.0004646291352923271,0.00010411842380175784
2019-01-18,-0.0056498160197318015,0.013096912839855257,-0.0075418862228433525,0.0028064739446795883
2019-01-22,0.007950530556472657,-0.014258476827971656,0.0009360724211253668,-0.000415212695537015
2019-01-23,-0.005411671839448573,0.0022004899194500993,0.000467707828643249,-0.0018709110514123495
2019-01-24,0.004381431105509037,0.0013747801109778024,-0.003122319355127523,0.00498128597984504
2019-01-25,-0.0003054202695444985,0.008452867700517785,0.01420559407819777,-0.00842042047017344
2019-01-28,-0.03218556314914878,-0.007877775848708524,0.003846454397078425,-0.00041767689169525113
2019-01-29,-0.006456126661070982,-0.0014573079351150042,0.004443374208731754,0.000730800209334248
2019-01-30,0.01097878297095356,0.015429609891559615,0.0012987078392665552,-0.00502201690445947
2019-01-31,-0.008176606850343049,0.0085606488097687,0.0074535839816558536,0.0025142009416807554
2019-02-01,0.008682382533651278,0.000898206584806438,-0.0021238927681554998,0.0
2019-02-04,-0.001403801312541475,0.006753381117479584,-0.0019762666158227304,0.0028208412648957903
2019-02-05,0.002080242524957754,0.004697370437350301,-7.616332988291674e-05,0.002604846526007343
2019-02-06,-0.015287693750092757,-0.0022269157175083265,-0.0035826933617428836,0.003324329888858557
2019-02-07,-0.0041965833008426046,-0.009401193202230651,-7.634929554711789e-05,0.0009330220667811417
2019-02-08,0.0756939360941562,0.0006759725660128169,0.003278510654843636,0.0013460758169268061
2019-02-11,-0.011380348161981857,0.000708851803818078,-0.0051131116828413425,0.004336590952711106
2019-02-12,0.0013963105132095421,0.01280785290283859,0.0016817917066491717,-0.003612518561348921
2019-02-13,-0.005890543660870051,0.003019431593711097,0.0012214487444177635,0.004333458874714147
2019-02-14,-0.004190873583171495,-0.0026551633836984223,-0.0007631840122668265,-0.001545452844951889
2019-02-15,0.0010859628225894369,0.010820004664958027,0.006316796133235769,-0.000618929236014587
2019-02-19,0.007981955101911353,0.0014976213265915916,0.01655293261183477,-0.004135671078728365
2019-02-20,0.013269765098495867,0.001775533560740783,0.002385089610256408,-0.0007254982662523446
2019-02-21,-0.01149189028232911,-0.0035326693258417308,-0.014849566751192533,0.0016575541361936175
2019-02-22,0.012917451356472043,0.006390638694711015,0.0042974780783104904,-0.00103560979324957
2019-02-25,0.018788447145977827,0.0012311044497517187,-0.002485728211593319,-0.001036683392819704
2019-02-26,-0.007325399279810796,-0.000790769672840419,-0.0006035826876003014,-0.004261777193198313
2019-02-27,-0.0008592791582575643,-0.0005441974362980773,-0.005600154350637432,0.001561296436728199
2019-02-28,0.0009701838898461546,-0.00282950759895062,-0.0037254575258760525,0.00010402096583295162
2019-03-01,0.0012440007407157339,0.006871656588713471,-0.01257108687016828,0.0038403193442846373
2019-03-04,-0.02250631409689774,-0.003888107395255247,-0.008988108902638459,0.0015527307771554533
2019-03-05,0.035213632013155305,-0.0011321734897071778,-0.002181743716337614,0.001756815106093157
2019-03-06,0.001940338762940641,-0.00654547360412483,0.0022595548095685203,0.00020652769364026824
2019-03-07,0.0019299650258197687,-0.008158911138330893,-0.0008564453784476456,0.008224528920454333
2019-03-08,-0.0026502747112910896,-0.002133964131454391,0.01022943740470783,-0.0030762475136780765
2019-03-11,-0.011804535394846383,0.014559535563489767,-0.006342314567176821,-0.0015417190249467083
2019-03-12,0.001005570148075563,0.0029489657278052306,0.005802499524032001,-0.002884208571455993
2019-03-13,-0.0006241055237001802,0.006925546757019063,0.008602826665779162,-0.004031215119365328
2019-03-14,0.004508157464902851,-0.0008683993315958816,-0.010842488050706756,0.002482652137322461
2019-03-15,0.009268473031697866,0.004972519408430465,0.006473530758076329,-0.001964967197277012
2019-03-18,0.0018065426803683948,0.0036990967989085632,-0.0011529150377436181,-0.0008285194454620282
2019-03-19,0.00954703827395953,-0.00013057007992678393,0.0036079961480899314,-0.001451523262403498
2019-03-20,0.003992356946232789,-0.0029486967407699183,-0.0034542348680881574,-0.006453599156870382
2019-03-21,-0.014328401790338674,0.010794015494688836,0.004296773002431031,0.007697924787051669
2019-03-22,-0.0013307952232004538,-0.019156827134272802,0.00420216846540189,0.0015532130970754565
2019-03-25,-0.014801995775437504,-0.000839372833310037,0.007822366697732619,-0.0008280906233402163
2019-03-26,0.005538472822802731,0.007157052947934339,-0.005765872414879247,0.001758814493977745
2019-03-27,0.025269802161778543,-0.004655143276599105,-0.0033534245976776234,0.00031004889038044325
2019-03-28,-0.00440378414003284,0.0035830547152615466,-0.015463611608309336,0.004433685866674253
2019-03-29,0.007166825802505272,0.006711706043324384,0.0024778943384520247,0.0008227255998027871
2019-04-01,0.01277399843531235,0.011502195518044545,-0.0035639423656812497,-0.00030842317095469696
2019-04-02,0.16004197976839407,1.745555485843653e-05,0.0012410609495416836,0.0011304724497334107
2019-04-03,0.01890749296950922,0.00214607242008924,-7.750345753088084e-05,-0.002777109284944679
2019-04-04,-0.010150461847883818,0.002082465242994047,-0.0006979909589999167,0.0022633880815972063
2019-04-05,0.022870127391311,0.00462571762309949,0.0010855427915750226,0.000924492569655655
2019-04-08,0.017328472526209282,0.001046911750523627,0.0051787177938296125,-0.0035998852543670523
2019-04-09,-0.016163226787920593,-0.006085976435669771,0.004921969848965091,-0.0004122530663144275
2019-04-10,0.02271680293391576,0.0034718377544997736,0.004286905162994792,-0.0006187377829016683
2019-04-11,-0.05007552528719117,3.812234034228368e-05,-0.015783520778200888,0.002369581907057494
2019-04-12,0.004934263167637454,0.006587578389545712,0.0015508688265573056,-0.0021632672131550734
2019-04-15,-0.019661685681246155,-0.000629567244356366,-0.0029486532746494376,-0.0003094093029725187
2019-04-16,0.032703409546247286,0.0005092283251393326,-0.01109652169596309,0.0010310184683861578
2019-04-17,0.0031234202806835754,-0.0022764008207385444,-0.00031438575044795414,-0.00030918607641439166
2019-04-18,0.00880504810644922,0.0015778468242499954,-0.0002357822114547048,0.004730562879087685
2019-04-22,0.01583658335751359,0.0010115058169324342,0.001257150767118631,-0.0019512452034931016
2019-04-23,0.031537678710241934,0.00880235117499506,-0.0033034095568353905,0.002976660322585367
2019-04-24,-0.0194793465759453,-0.0021941686030357843,0.004872652719190462,0.005417285024900131
2019-04-25,-0.04766091040689524,-0.00036904174027263537,0.0002352124985423032,0.0010188332664604616
2019-04-26,0.013123813423158381,0.0046743503233042105,0.0071074422097749945,-0.0019366482063221113
2019-04-29,-0.007175278992262335,0.0010709485042346145,-0.004915203051928607,-0.0015316439791694947
2019-04-30,0.019508686623199267,0.0009509646987915232,0.0032795166444525847,-0.003890628903808313
2019-05-01,0.009665964737195054,-0.007530445850291834,-0.001091977625139684,0.002151961462057095
2019-05-02,0.018809979754905726,-0.002126244648682274,-0.009172635638249993,0.0014320725298224701
2019-05-03,0.046667295980034496,0.009592127478916801,0.0074542307295963894,-0.003173846436047789
2019-05-06,-0.008473310560161096,-0.004481013189072236,0.0019524392904868293,0.0
2019-05-07,0.014287066018571437,-0.01664948808890543,0.0014034376717937391,0.0011273443550292583
2019-05-08,0.025899955314045542,-0.0016067153894203656,-0.0031994842127271994,-0.00010237651057298791
2019-05-09,0.03160113331553838,-0.0030259986619283197,0.0031994842127271994,-0.002564235396097736
2019-05-10,0.03255511923946841,0.003713394069919218,0.0017125578011549791,-0.00041089794709492367
2019-05-13,0.1140786697230034,-0.024426469138497886,0.01113788667716964,-0.00010277047172735365
2019-05-14,0.022709207625679184,0.007983987523216385,-0.004162195438771832,0.0021554956882177123
2019-05-15,0.026020895924879994,0.005821994327722457,0.0012351199225513199,0.00041005552435358084
2019-05-16,-0.03981349360704378,0.008855957116499447,-0.008755371943978574,0.0027633879572475095
2019-05-17,-0.07108127725881808,-0.0058544371740438805,-0.00820477351315052,0.001634024721228755
2019-05-20,-0.027125846028695833,-0.00677225797540526,0.0012545877919816206,-0.0007145378216044662
2019-05-21,-0.0018795372127939913,0.008459949093190922,-0.0032180677080839715,0.0013265704770537567
2019-05-22,-0.03621876354448261,-0.0028283923638996455,0.001257052020717353,0.0005097930703721332
2019-05-23,0.025934032858881295,-0.011985692241282209,0.008755585276167821,-0.0026536261483700585
2019-05-24,0.013299515579216603,0.0013526437720372542,-0.0014020165813164454,-0.002455724808188897
2019-05-28,-0.00979326304904582,-0.008410950000260264,-0.00507912793409826,0.003579269298201737
2019-05-29,-0.0069593521281454684,-0.00693591016723083,0.003206741338613206,0.0018358017045283503
2019-05-30,-0.04005664796772912,0.002096272674997124,0.005062907666908423,0.0
2019-05-31,0.030194039934908545,-0.013283205250453456,0.014424310458736933,-0.003981825577089815
2019-06-03,-0.0630180586838609,-0.0027690706543079813,0.012859147970709195,-0.0062599682310917615
2019-06-04,-0.0630014783427022,0.021205927081077824,0.0005291359094377057,-0.0007208660541220269
2019-06-05,0.014996473539936162,0.008128726978813283,0.003695764872375662,0.003085818618085767
2019-06-06,-0.0002822410658254171,0.00611684067600482,0.00697697917997786,-0.003497986741816561
2019-06-07,0.027977129076807827,0.010442979247259565,0.0026877541074794564,-0.0043379346094267746
2019-06-10,0.03981203302759084,0.004649220074766092,-0.012378717355321811,0.001551445972342691
2019-06-11,-0.009117973017984227,-0.0003499414579515303,0.0012825419568347485,-0.0007236980741591736
2019-06-12,0.0271447396905522,-0.002039657827237029,0.004137988749946864,0.0032009687580956125
2019-06-13,0.010388753446054722,0.00408901050284971,0.005465871737307282,0.00010310949053327079
2019-06-14,0.054715664950810705,-0.0016128117861526903,0.0006718355335486592,0.005755977998179951
2019-06-17,0.03558847752156069,0.0009313154323526973,-0.0010452624905257224,-0.00010251766904101345
2019-06-18,-0.025932150849556024,0.009670489592970455,0.005883921663461855,0.0008196909506636985
2019-06-19,0.020894883881638293,0.0029807167930240297,-0.0014863261032118658,-0.0053398836822378115
2019-06-20,0.026983496264122664,0.009427605335873501,0.03529136934367472,-0.005058132003963323
2019-06-21,0.06279058671001714,-0.001260016279728049,0.0023663033426526425,-0.004251974629625899
2019-06-24,0.014244096327892919,-0.0017333884605870153,0.012880517986897821,-0.0024973775524479436
2019-06-25,0.06842540313130918,-0.00954177564038794,0.0004241309058388154,0.0018736374649535037
2019-06-26,0.09886766271923975,-0.0012346956788036323,-0.0023350789510780956,0.0005197839868484877
2019-06-27,-0.1518196739369877,0.003815885792590734,-0.002269469890296527,-0.0002078653116406315
2019-06-28,0.10391011328681188,0.005740941840599589,0.0009225555241272332,-0.0006240140394195848
2019-07-01,-0.021871650928673603,0.007643018610953511,-0.017243639951311174,0.00735868074758983
2019-07-02,0.02043979364930415,0.0029238472769890222,0.013619306155092659,-0.001136467355157933
2019-07-03,0.1019724231462682,0.007643095660683663,0.00928325833838084,0.0004133673044162123
2019-07-05,-0.021356009787895758,-0.0018075342045484888,-0.014923529329707641,0.004947988295522343
2019-07-08,0.07039331175600338,-0.0048471730101233845,0.0002148039048739392,0.0013358400512126778
2019-07-09,0.023159293280457405,0.0012357930584538934,0.00035784577229236447,0.0011289641791076832
2019-07-10,-0.033751227644685855,0.0045005469360823724,0.008975680500220129,-0.004008427146106719
2019-07-11,-0.06788441618713037,0.002282619578949152,-0.0041216137849033885,-0.0005150185225391013
2019-07-12,0.039472753868565746,0.0046095343020660096,0.003979804442910684,-0.0024760715467841976
2019-07-15,0.06044360141003047,0.00017585372838446744,0.0010633396770112213,0.0012388021394844628
2019-07-16,-0.1393767055806645,-0.00340958455501017,-0.0015600040469463394,0.004837154661666787
2019-07-17,0.022551278856090207,-0.006552665466093899,0.008549847281971168,-0.0018497621411972531
2019-07-18,0.09561955306661929,0.0035755977088189894,0.003371448523743048,-0.00443277155349886
2019-07-19,-0.012808461572603846,-0.006195889464843951,-0.0007014590755680672,0.003712498909969497
2019-07-22,-0.02444935394202119,0.002824701686249931,0.00014038257143056398,0.0011316354098900305
2019-07-23,-0.043707966595475156,0.006824145139276538,-0.0036550776599471035,0.004616071646648123
2019-07-24,-0.009013724991008942,0.0046771928134763385,0.0018995209334571328,0.00020471011339395773
2019-07-25,0.010131621144278569,-0.005276296483600618,-0.006274934527660925,0.0009204432916396499
2019-07-26,-0.004199559341957482,0.007360535770782661,0.0032481143839335758,0.001940484085691807
2019-07-29,-0.0035355357080177896,-0.0016174219290565617,0.0007751493255891972,0.00030603192108102917
2019-07-30,0.009231027857063978,-0.0025819853720445707,0.007089473307916094,0.00010201576864510287
2019-07-31,0.04857531814577598,-0.010945206952139408,-0.0025211692591504686,0.004781955411850447
2019-08-01,0.030662540264241755,-0.009039527568805994,-0.0036529377971197263,-0.0013203725044270698
2019-08-02,0.011330721144643618,-0.007309388539565198,0.0172339525633447,-0.0029518156572878596
2019-08-05,0.07339741253271903,-0.030230182169694864,0.013057707568043142,-0.006134973013194767
2019-08-06,-0.028131633051238225,0.012933023911166686,0.005311588128471989,0.0013324171012163433
2019-08-07,0.03961210267399373,0.0007665823338589561,0.023426264124912777,-0.0009222354369375907
2019-08-08,0.0020443450527860563,0.018588462466865074,-0.006389437814637411,0.0008198589263646028
2019-08-09,-0.008684364496771124,-0.006638593133657444,-0.0007347130630357412,-0.0013326318655684233
2019-08-12,-0.012307995125176774,-0.012393809115915033,0.005796393970688207,-0.0011289641791076832
2019-08-13,-0.043707143389404735,0.015018346267301474,-0.0020615785564279676,0.004405973791930862
2019-08-14,-0.0806379719242738,-0.02973035245453559,0.009078670323797056,0.0018386145055329095
2019-08-15,0.025522045965720608,0.0024612366981804357,0.0024377881760617726,0.0015296135953324352
2019-08-16,0.0060711120004821595,0.014323058172244885,-0.004683215342362601,0.0
2019-08-19,0.0536528635334399,0.012033175564397425,-0.008032155425562237,0.002137504877720353
2019-08-20,-0.014098602646118508,-0.007946215312115257,0.0027953104204057055,-0.0016281272749845144
2019-08-21,-0.05984026786228647,0.008212979557352895,0.0,0.0011196561531683358
2019-08-22,-0.0006901282262674613,-0.0005062029592783901,-0.004863547145385283,-0.0013234071459153895
2019-08-23,0.02696583890848636,-0.026288881122837893,0.019379505617472148,-0.00541341177883492
2019-08-26,0.0226543314762484,0.010923112730798046,-0.00019648645968040057,0.004496251583173461
2019-08-27,-0.01803098322502983,-0.003208321800556746,0.009585018407868517,-0.000816012186319881
2019-08-28,-0.043244332321517476,0.0065241515305629605,-0.0020787009701006554,0.002140555176970871
2019-08-29,-0.02535588058642091,0.01260748244109422,-0.007375322175081855,0.0030500537054622967
2019-08-30,0.009207926773969533,0.0006425807598766653,-0.004859495032714989,0.004153336589750367
2019-09-03,0.026398798324718697,-0.006923009332685304,0.017488242652852648,0.0003032170644052812
2019-09-04,-0.0027379439807031503,0.010783725278421308,0.002842211273165418,-0.005065867120074508
2019-09-05,-0.0017912085396538657,0.012925912921759597,-0.022769045460323767,-0.00040631196341589515
2019-09-06,-0.021237571181719872,0.0009101908043769313,-0.006089556358749526,-0.00020329544938668676
2019-09-09,-0.010233096005396902,-9.401467889968984e-05,-0.002659222501661951,-0.0011186314419724397
2019-09-10,-0.02141782097558753,0.00032225242593053594,-0.007953193028797045,0.0005086521812796008
2019-09-11,0.006149168432955321,0.007203672326387078,0.0027473300929079514,0.003249060522634295
2019-09-12,0.02251399403043486,0.002875016278233389,0.002873228259018923,-0.003452521391145602
2019-09-13,-0.004774055257204424,-0.0007246768769650913,-0.005218052260891781,-0.0005086780639871336
2019-09-16,-0.006877180180772768,-0.0031405129163566414,0.008149645086967361,0.003961199455132736
2019-09-17,-0.00346246270575179,0.002578425372462334,0.0013296990407196674,-0.003961199455132736
2019-09-18,-0.004209930227212055,0.00034263328426753503,0.0015933246639150411,0.0034541976520516826
2019-09-19,0.006661946401365526,1.9974521929810862e-05,-0.006054761178041268,-0.003352487919118907
2019-09-20,-0.008291636186186224,-0.004907599104880589,0.005922114787614063,0.0024393293389799453
2019-09-23,-0.034455250468614196,-9.694061782816732e-05,0.010821552218634345,0.0009131585801389619
2019-09-24,-0.12099364952146807,-0.008451988963551926,0.0054977719571276396,-0.002640421388617753
2019-09-25,-0.015616015371175962,0.006139685241963733,-0.0181122614868352,0.007092993435775519
2019-09-26,-0.04433175093227604,-0.0024318710096125074,0.0019255837015004218,0.0017149882533331606
2019-09-27,0.01623387232043605,-0.0053305345791292424,-0.005587737868885334,-0.001008455856693402
2019-09-30,0.0231358039600007,0.005034910215249155,-0.02253200101306163,0.0027205079600616244
2019-10-01,0.0059395226486973485,-0.01233412694541336,0.011059616136638084,-0.00251876619906799
2019-10-02,0.005947039319424974,-0.018065404187643352,0.012739025777429802,-0.000908274157633393
2019-10-03,-0.01597938661828735,0.007940304773866202,0.004055705592803882,-0.0018191041275912312
2019-10-04,-0.0065654260828598154,0.014116785239259855,-0.0005973679771029694,-0.000505924553928061
2019-10-07,0.031722604960343403,-0.004488352273681606,-0.005659324852886449,0.0018200238526677737
2019-10-08,-0.0020443649816002107,-0.015683159552110304,-0.000333900978963797,0.0015141730845158463
2019-10-09,0.0436286041566607,0.009063296514845831,0.005926847590369988,-0.00020172140541419026
2019-10-10,-0.0010786272982699074,0.006395202411782819,-0.007531060731031047,-0.004145015875675284
2019-10-11,-0.03131474095669695,0.010879579673789053,-0.008127734184569135,-0.004162190956408018
2019-10-14,0.006430502888083112,-0.0013880816732187995,0.006051659334595172,0.0015247158886175782
2019-10-15,-0.020424933726610917,0.009906445376488549,-0.009497243064429561,-0.0016264721939966975
2019-10-16,-0.019423891941979576,-0.0020015445531935683,0.007013803030789134,-0.0028527658159553937
2019-10-17,0.0069819797390682226,0.002759021969774622,0.0028856502644307724,-0.004089582637299749
2019-10-18,-0.01625994007694942,-0.003927045709799515,-0.0027512835044971595,-0.0033865477703241
2019-10-21,0.002628793271972185,0.006848114105334702,-0.0039048907125396326,0.0005138795817414277
2019-10-22,-0.020282321366639877,-0.0035750492583765947,-0.00047236817986640034,0.0020527252164903587
2019-10-23,-0.07231210270482968,0.0028431033458300448,0.0055189757191058675,-0.0006153595947386847
2019-10-24,-0.0028228801699565764,0.0019186046591705974,0.006022502044865874,0.0016401442320139736
2019-10-25,0.14476109386093228,0.004064429510655998,0.00040019716452732723,0.002046502081018531
2019-10-28,-0.031432676505614765,0.005565819916117931,-0.00635559924955853,-0.0007157799109664964
2019-10-29,0.018362811918532174,-0.0008327519564801378,-0.0020154524793500883,-0.0007162926188559737
2019-10-30,-0.023825095718830624,0.0032480894008575234,0.004160767879948679,-0.0004095517075262123
2019-10-31,-0.0006673727616757219,-0.003027438634539692,0.012114954399792488,-0.0030769568046329354
2019-11-01,0.006664947063718785,0.009615930559647268,-0.0022521201719944983,-0.0011305886647718921
2019-11-04,0.01901152585439192,0.003697245805312832,0.0,0.0027728312755535
2019-11-05,-0.007473715309565421,-0.0011864027118200227,-0.018201754334461917,0.0048084517170083885
2019-11-06,0.001962481459161225,0.0007022505922886779,0.006327791120031456,-0.0003062972375769135
2019-11-07,-0.010018996001742053,0.0027263752442809874,-0.01760132148891813,0.0019379112082971162
2019-11-08,-0.051214083806272015,0.0025574031451167656,-0.001982500969778478,0.002137504877720353
2019-11-11,-0.03343184819093992,-0.0019643954133385932,-0.003976999709096596,-0.0015263450368285802
2019-11-12,0.006586553240447657,0.0015634233012633558,-0.0023387164619208534,0.001119542261623252
2019-11-13,-0.0008397010971492591,0.0007112815701173503,0.00658934076646478,0.0006101809005176762
2019-11-14,-0.01143720218148303,0.0008366926144560694,0.006886066178064532,-0.0021370697353892965
2019-11-15,-0.025129397563837585,0.0076660287779724,-0.003062164177332072,-0.00163135903963596
2019-11-18,-0.03182423938339696,0.0005030263228107401,0.00245046443238639,-0.002145146984211088
2019-11-19,-0.012490374838556306,-0.0005927700996934959,0.0016303409319782247,0.0007155604116038106
2019-11-20,-0.02203907156093976,-0.003763256420940664,0.0,0.0007150487510028114
2019-11-21,-0.049086768125686575,-0.001584006086188694,-0.006947360157733229,0.0006124699982645865
2019-11-22,-0.04635206471928832,0.0021725739423761325,0.0,0.002853347366793102
2019-11-25,0.013839370591339772,0.007479251887467342,-0.004452519674764233,0.0005087039398503634
2019-11-26,0.01005783551004491,0.0021931636449394887,0.0021945374432128517,-0.0007122114045055028
2019-11-27,0.0424866264353021,0.00416573562529976,-0.00439381748560308,0.0016272113743003302
2019-11-29,0.039170910137082515,-0.0040192862299885945,0.008359042281367302,-0.0014237039096451909
2019-12-02,-0.013875477110813605,-0.008668483693965001,-0.002254126252647204,-0.0041808661160605
2019-12-03,-0.00025170831980858566,-0.00666022525804344,0.010814526309483874,-0.0012270221122125946
2019-12-04,-0.009348132540894838,0.0063036576087700524,-0.0028453045693535017,-0.0009211970370648359
2019-12-05,0.026704767756074332,0.0014991269266300122,0.00196551921359589,-0.002460760571024956
2019-12-06,0.01316283930428419,0.009094246030425523,-0.012125522425176172,0.0029726154350679934
2019-12-09,-0.02184425368085563,-0.003167833684475596,0.00013711159596141442,-0.000614288539011909
2019-12-10,-0.016728999152695323,-0.0010975361689826713,0.00225875501095274,-0.0023583268960560844
2019-12-11,-0.008373983817170583,0.0029039375293500314,0.0046385136565483265,-0.002569770552158346
2019-12-12,0.0035554716584638157,0.00853866737555542,-0.0018392248396015276,0.002467084489093274
2019-12-13,0.0036588787977542836,7.257915021519068e-05,0.006049724215781538,-0.0023642233070768626
2019-12-16,-0.03121654791103623,0.007122360942542372,-0.00040668040342417555,-0.0010296384272594494
2019-12-17,-0.04302813984775078,0.00033523602846052825,-0.00027123977476684047,0.0014412128346794617
2019-12-18,0.09150203958984626,-0.00043239364052283236,-0.0013572206434195877,0.002055334962721922
2019-12-19,-0.010215599788491403,0.004449378821865579,0.0037955689629018963,0.00010259720526395455
2019-12-20,0.0022150257023572095,0.004932595804334028,-0.0023705521722883205,0.0029723890034825118
2019-12-23,-0.020981218944278623,0.0008657687142985537,0.005275305725533919,-0.0005118024543353528
2019-12-24,-0.0045095905809819925,-0.0001954673024684439,0.011135059860574614,-0.00010242318338615775
2019-12-26,-0.00498673477391165,0.005115062410053994,0.0067810877844305395,-0.0006146813207754676
2019-12-27,0.0070371806538602755,3.3984139657050605e-05,0.0029770786135143723,-0.006889114572021349
2019-12-30,-0.01762220333369413,-0.005797596079348821,0.0004622733368915277,-0.0018589317432375907
2019-12-31,-0.013722694823240289,0.0029416906441905866,0.0032959818895559323,-0.003624489848880863
2020-01-02,-0.030272928096193752,0.008343895362315834,0.003285154071461349,0.004760918634158173
2020-01-03,0.050171745960032155,-0.007084909364953873,0.016072149694004167,-0.00010327984415514635
2020-01-06,0.04716146723566084,0.003527145194272663,0.010913635018348522,-0.0017569967185533386
2020-01-07,0.0495268893264047,-0.002807175084594604,0.0035692183565130264,0.0032017087566833524
2020-01-08,-0.01032167320280486,0.004890473485641422,-0.009203710678121979,0.0032942142644705186
2020-01-09,-0.02516485111441824,0.006633214116906316,-0.0036667071971185905,0.0015403740810535638
2020-01-10,0.035837017057327,-0.002859262487506342,0.0037308990396738295,-0.0009239396891400631
2020-01-13,-0.005913064387263134,0.006951994045934384,-0.005859816190831424,-0.00010273880423472548
2020-01-14,0.08059650637836668,-0.0015156808368956831,-0.0038824947858762116,0.00020546705429236312
2020-01-15,-0.0023537488141354146,0.0018684502436876471,0.006269176242541086,-0.0014388428510843099
2020-01-16,-0.009494746324859804,0.008331747422232638,-0.0019992755105731064,0.0009251744322620326
2020-01-17,0.023255338715641116,0.0038547232474837045,0.006306764371860396,0.002975438660310026
2020-01-21,0.010141927934055772,-0.002655500369584729,-0.0015408479920910878,-0.0008199429720923135
2020-01-22,-0.007461951294766678,0.0002890342966814785,-0.0007069933514571858,0.0
2020-01-23,-0.0321153677231969,0.001140326193358021,0.005961700201771336,0.0016392141884713496
2020-01-24,0.004618933008295301,-0.00908328942619363,0.004145810767128388,0.001636453591809861
2020-01-27,0.03576042498236198,-0.015855752356843666,0.003621512391023707,0.00112354449001284
2020-01-28,0.049140656693548834,0.01000338350035257,-0.0048316035862789874,0.0006122824959291506
2020-01-29,-0.004493658672814149,-0.0008672501435853519,0.0003823495785670872,-0.0003060943867332355
2020-01-30,0.02043703691808041,0.0031294569302104946,0.008689333181302494,-0.001225315345930511
2020-01-31,-0.016805048675941237,-0.017864443571362187,-0.0003789638633726611,-0.0049165657952805475
2020-02-03,-0.005455970077715477,0.00722842576123206,-0.0036075310705907526,0.004201078538817349
2020-02-04,-0.01218545364907797,0.014869315917506398,-0.017138114161284967,0.0016346144931977946
2020-02-05,0.04602834799275257,0.011187778658973357,0.004761622946684696,0.003159535475989017
2020-02-06,0.012033084493943136,0.0033201550570023386,0.004675103267282488,0.002337789964017567
2020-02-07,0.006774835392771905,-0.005415491009459927,0.002233782116915606,0.0018257465756930102
2020-02-10,-0.026042505869956045,0.007299690120573743,0.0038812607041434077,0.0015189261616725958
2020-02-11,0.035052446746270505,0.001687048686003223,-0.0057956254306672506,-0.0011136483930238583
2020-02-12,0.011475404940052059,0.006441853105203066,0.0011490897071118056,0.0033372314324502383
2020-02-13,-0.010873762642184204,-0.0016317763599893453,0.0049005356127649335,0.00020186394969812227
2020-02-14,0.009523015160700865,0.0018418360984853166,0.0048134716803991395,0.0005045971260191351
2020-02-18,0.04557569247775106,-0.002924213986148061,0.010871410739791365,0.0034242790510594645
2020-02-19,-0.051449984043289376,0.004694748284284955,0.004676547883901705,0.0014066051888717013
2020-02-20,-0.0025892656683303983,-0.0038228174279968385,0.005644986085864723,0.0027072184861323123
2020-02-21,0.008081532009711623,-0.010573809232820253,0.0171720154941708,-0.006126676075757231
2020-02-24,-0.028031992193655597,-0.034088079420440565,0.016762556388819405,0.00030217858538517106
2020-02-25,-0.03248723753845262,-0.03074790437535313,-0.015364987376213612,-0.0032280840235721087
2020-02-26,-0.05740768792548856,-0.0037856973235292912,-0.004198505886171766,0.00030306389191814276
2020-02-27,-0.00409296638844836,-0.045168136352262245,0.0,-0.005672599810777612
2020-02-28,-0.012836217768336766,-0.008272463109652683,-0.04738567874706412,-0.0031541480946293277
2020-03-02,0.03525073959015046,0.04501086876941329,0.01786897945635424,-0.007877647280893463
2020-03-03,-0.009274764811754821,-0.02851048492291497,0.030796353102672036,-0.0021592634184184334
2020-03-04,-0.0037097436703970033,0.04133634936063402,-0.000609161821269133,0.0019537752536020747
2020-03-05,0.03628484201142079,-0.03451078243998218,0.015298891788606994,-0.00535638542391581
2020-03-06,0.0048110043680758,-0.017200943652385448,0.002636957249874783,-0.009026390711557752
2020-03-09,-0.023014293291844012,-0.07901041294037192,0.002212030386840702,-0.011003468953308726
2020-03-10,-0.001757685080184146,0.048215052425859106,-0.009239341300194326,0.015786246966343676
