,Date,BTC_Price Close,S&P_Points Close,GF_Price Close,USD_Points Close
0,2020-03-11,7911.43017578125,2741.3798828125,1641.4000244140625,96.51000213623048
1,2020-03-12,4970.7880859375,2480.639892578125,1589.300048828125,97.47000122070312
2,2020-03-13,5563.70703125,2711.02001953125,1515.699951171875,98.75
3,2020-03-16,5014.47998046875,2386.1298828125,1485.9000244140625,98.08999633789062
4,2020-03-17,5225.62939453125,2529.18994140625,1524.9000244140625,99.58000183105467
5,2020-03-18,5238.4384765625,2398.10009765625,1477.300048828125,101.16000366210938
6,2020-03-19,6191.19287109375,2409.389892578125,1478.5999755859375,102.76000213623048
7,2020-03-20,6198.7783203125,2304.919921875,1484.0,102.81999969482422
8,2020-03-23,6416.31494140625,2237.39990234375,1567.0,102.48999786376952
9,2020-03-24,6734.8037109375,2447.330078125,1660.199951171875,101.73999786376952
10,2020-03-25,6681.06298828125,2475.56005859375,1632.300048828125,101.0500030517578
11,2020-03-26,6716.4404296875,2630.070068359375,1650.0999755859375,99.41999816894533
12,2020-03-27,6469.79833984375,2541.469970703125,1623.9000244140625,98.37000274658205
13,2020-03-30,6429.841796875,2626.64990234375,1622.0,99.18000030517578
14,2020-03-31,6438.64453125,2584.590087890625,1583.4000244140625,99.0500030517578
15,2020-04-01,6606.7763671875,2470.5,1578.199951171875,99.66999816894533
16,2020-04-02,6793.62451171875,2526.89990234375,1625.699951171875,100.18000030517578
17,2020-04-03,6733.38720703125,2488.64990234375,1633.699951171875,100.58000183105467
18,2020-04-06,7271.78125,2663.679931640625,1677.0,100.69000244140624
19,2020-04-07,7176.41455078125,2659.409912109375,1664.800048828125,99.9800033569336
20,2020-04-08,7334.0986328125,2749.97998046875,1665.4000244140625,100.12000274658205
21,2020-04-09,7302.08935546875,2789.820068359375,1736.199951171875,99.5199966430664
22,2020-04-13,6845.03759765625,2761.6298828125,1744.800048828125,99.3499984741211
23,2020-04-14,6842.427734375,2846.06005859375,1756.699951171875,98.88999938964844
24,2020-04-15,6642.10986328125,2783.360107421875,1727.199951171875,99.45999908447266
25,2020-04-16,7116.80419921875,2799.550048828125,1720.4000244140625,100.02999877929688
26,2020-04-17,7096.1845703125,2874.56005859375,1689.199951171875,99.77999877929688
27,2020-04-20,6881.95849609375,2823.159912109375,1701.5999755859375,99.95999908447266
28,2020-04-21,6880.3232421875,2736.56005859375,1678.199951171875,100.26000213623048
29,2020-04-22,7117.20751953125,2799.31005859375,1728.699951171875,100.38999938964844
30,2020-04-23,7429.724609375,2797.800048828125,1733.300048828125,100.43000030517578
31,2020-04-24,7550.90087890625,2836.739990234375,1723.5,100.37999725341795
32,2020-04-27,7795.60107421875,2878.47998046875,1711.9000244140625,100.04000091552734
33,2020-04-28,7807.05859375,2863.389892578125,1710.5,99.87000274658205
34,2020-04-29,8801.0380859375,2939.510009765625,1703.4000244140625,99.56999969482422
35,2020-04-30,8658.5537109375,2912.429931640625,1684.199951171875,99.0199966430664
36,2020-05-01,8864.7666015625,2830.7099609375,1694.5,98.8000030517578
37,2020-05-04,8912.654296875,2842.739990234375,1706.9000244140625,99.4800033569336
38,2020-05-05,9003.0703125,2868.43994140625,1704.4000244140625,99.70999908447266
39,2020-05-06,9268.76171875,2848.419921875,1684.199951171875,100.08999633789062
40,2020-05-07,9951.5185546875,2881.18994140625,1721.800048828125,99.88999938964844
41,2020-05-08,9842.666015625,2929.800048828125,1709.9000244140625,99.7300033569336
42,2020-05-11,8601.7958984375,2930.18994140625,1695.300048828125,100.23999786376952
43,2020-05-12,8804.4775390625,2870.1201171875,1704.4000244140625,99.93000030517578
44,2020-05-13,9269.9873046875,2820.0,1713.9000244140625,100.23999786376952
45,2020-05-14,9733.7216796875,2852.5,1738.0999755859375,100.47000122070312
46,2020-05-15,9328.197265625,2863.699951171875,1753.4000244140625,100.4000015258789
47,2020-05-18,9726.5751953125,2953.909912109375,1731.800048828125,99.66999816894533
48,2020-05-19,9729.0380859375,2922.93994140625,1744.199951171875,99.37000274658205
49,2020-05-20,9522.9814453125,2971.610107421875,1750.5999755859375,99.12000274658205
50,2020-05-21,9081.76171875,2948.510009765625,1720.5,99.37000274658205
51,2020-05-22,9182.5771484375,2955.449951171875,1734.5999755859375,99.86000061035156
52,2020-05-26,8835.052734375,2991.77001953125,1704.800048828125,98.91000366210938
53,2020-05-27,9181.017578125,3036.1298828125,1710.300048828125,99.05999755859376
54,2020-05-28,9525.7509765625,3029.72998046875,1713.300048828125,98.37999725341795
55,2020-05-29,9439.1240234375,3044.31005859375,1736.9000244140625,98.33999633789062
56,2020-06-01,10167.2685546875,3055.72998046875,1737.800048828125,97.83000183105467
57,2020-06-02,9529.8037109375,3080.820068359375,1725.199951171875,97.66999816894533
58,2020-06-03,9656.7177734375,3122.8701171875,1697.800048828125,97.27999877929688
59,2020-06-04,9800.63671875,3112.35009765625,1718.9000244140625,96.68000030517578
60,2020-06-05,9665.533203125,3193.929931640625,1676.199951171875,96.94000244140624
61,2020-06-08,9771.4892578125,3232.389892578125,1698.300048828125,96.62000274658205
62,2020-06-09,9795.7001953125,3207.179931640625,1714.699951171875,96.31999969482422
63,2020-06-10,9870.0947265625,3190.139892578125,1713.300048828125,95.95999908447266
64,2020-06-11,9321.78125,3002.10009765625,1732.0,96.7300033569336
65,2020-06-12,9480.84375,3041.31005859375,1729.300048828125,97.31999969482422
66,2020-06-15,9450.7021484375,3066.590087890625,1720.300048828125,96.68000030517578
67,2020-06-16,9538.0244140625,3124.739990234375,1729.5999755859375,96.95999908447266
68,2020-06-17,9480.2548828125,3113.489990234375,1729.199951171875,97.16000366210938
69,2020-06-18,9411.8408203125,3115.340087890625,1724.800048828125,97.41999816894533
70,2020-06-19,9288.0185546875,3097.739990234375,1745.9000244140625,97.62000274658205
71,2020-06-22,9648.7177734375,3117.860107421875,1756.699951171875,97.04000091552734
72,2020-06-23,9629.658203125,3131.2900390625,1772.0999755859375,96.69000244140624
73,2020-06-24,9313.6103515625,3050.330078125,1765.800048828125,97.1500015258789
74,2020-06-25,9264.8134765625,3083.760009765625,1762.0999755859375,97.43000030517578
75,2020-06-26,9162.91796875,3009.050048828125,1772.5,97.5
76,2020-06-29,9190.8544921875,3053.239990234375,1774.800048828125,97.54000091552734
77,2020-06-30,9137.9931640625,3100.2900390625,1793.0,97.38999938964844
78,2020-07-01,9228.3251953125,3115.860107421875,1773.199951171875,97.1999969482422
79,2020-07-02,9123.41015625,3130.010009765625,1784.0,97.31999969482422
80,2020-07-06,9375.474609375,3179.719970703125,1788.5,96.79000091552734
81,2020-07-07,9252.27734375,3145.320068359375,1804.199951171875,96.87999725341795
82,2020-07-08,9428.3330078125,3169.93994140625,1815.5,96.43000030517578
83,2020-07-09,9277.9677734375,3152.050048828125,1799.199951171875,96.6999969482422
84,2020-07-10,9278.8076171875,3185.0400390625,1798.199951171875,96.6500015258789
85,2020-07-13,9243.6142578125,3155.219970703125,1811.0,96.45999908447266
86,2020-07-14,9243.2138671875,3197.52001953125,1810.5999755859373,96.26000213623048
87,2020-07-15,9192.8369140625,3226.56005859375,1811.4000244140625,96.08000183105467
88,2020-07-16,9132.2275390625,3215.570068359375,1798.699951171875,96.3499984741211
89,2020-07-17,9151.392578125,3224.72998046875,1808.300048828125,95.94000244140624
90,2020-07-20,9164.2314453125,3251.840087890625,1815.9000244140625,95.83000183105467
91,2020-07-21,9374.8876953125,3257.300048828125,1842.4000244140625,95.12000274658205
92,2020-07-22,9525.36328125,3276.02001953125,1864.0999755859373,94.97000122070312
93,2020-07-23,9581.072265625,3235.659912109375,1889.0999755859373,94.69000244140624
94,2020-07-24,9536.892578125,3215.6298828125,1897.300048828125,94.44000244140624
95,2020-07-27,10990.873046875,3239.409912109375,1931.0,93.66999816894533
96,2020-07-28,10912.8232421875,3218.43994140625,1944.699951171875,93.76000213623048
97,2020-07-29,11100.4677734375,3258.43994140625,1953.5,93.26000213623048
98,2020-07-30,11111.2138671875,3246.219970703125,1942.300048828125,93.0199966430664
99,2020-07-31,11323.466796875,3271.1201171875,1962.800048828125,93.48999786376952
100,2020-08-03,11246.3486328125,3294.610107421875,1966.0,93.5
101,2020-08-04,11205.892578125,3306.510009765625,2001.199951171875,93.37999725341795
102,2020-08-05,11747.0224609375,3327.77001953125,2031.0999755859373,92.83000183105467
103,2020-08-06,11779.7734375,3349.159912109375,2051.5,92.79000091552734
104,2020-08-07,11601.47265625,3351.280029296875,2010.0999755859373,93.44000244140624
105,2020-08-10,11878.111328125,3360.469970703125,2024.4000244140625,93.58000183105467
106,2020-08-11,11410.525390625,3333.68994140625,1932.5999755859373,93.62999725341795
107,2020-08-12,11584.9345703125,3380.35009765625,1934.9000244140625,93.44000244140624
108,2020-08-13,11784.1376953125,3373.429931640625,1956.699951171875,93.33999633789062
109,2020-08-14,11768.87109375,3372.85009765625,1937.0,93.0999984741211
110,2020-08-17,12254.40234375,3381.989990234375,1985.0,92.8499984741211
111,2020-08-18,11991.2333984375,3389.780029296875,1999.4000244140625,92.2699966430664
112,2020-08-19,11758.283203125,3374.85009765625,1958.699951171875,92.88999938964844
113,2020-08-20,11878.3720703125,3385.510009765625,1933.800048828125,92.79000091552734
114,2020-08-21,11592.4892578125,3397.159912109375,1934.5999755859373,93.25
115,2020-08-24,11774.595703125,3431.280029296875,1927.699951171875,93.3000030517578
116,2020-08-25,11366.134765625,3443.6201171875,1911.800048828125,93.0199966430664
117,2020-08-26,11488.36328125,3478.72998046875,1940.699951171875,93.01000213623048
118,2020-08-27,11323.3974609375,3484.550048828125,1921.5999755859373,93.01000213623048
119,2020-08-28,11542.5,3508.010009765625,1964.5999755859373,92.37000274658205
120,2020-08-31,11680.8203125,3500.31005859375,1967.5999755859373,92.13999938964844
121,2020-09-01,11970.478515625,3526.64990234375,1968.199951171875,92.33999633789062
122,2020-09-02,11414.0341796875,3580.840087890625,1934.4000244140625,92.8499984741211
123,2020-09-03,10245.296875,3455.06005859375,1927.5999755859373,92.73999786376952
124,2020-09-04,10511.8134765625,3426.9599609375,1923.9000244140625,92.72000122070312
125,2020-09-08,10131.5166015625,3331.840087890625,1933.0,93.4800033569336
126,2020-09-09,10242.34765625,3398.9599609375,1944.699951171875,93.26000213623048
127,2020-09-10,10363.138671875,3339.18994140625,1954.199951171875,93.33999633789062
128,2020-09-11,10400.9150390625,3340.969970703125,1937.800048828125,93.33000183105467
129,2020-09-14,10680.837890625,3383.5400390625,1953.0999755859373,93.06999969482422
130,2020-09-15,10796.951171875,3401.199951171875,1956.300048828125,93.0500030517578
131,2020-09-16,10974.9052734375,3385.489990234375,1960.199951171875,93.20999908447266
132,2020-09-17,10948.990234375,3357.010009765625,1940.0,92.97000122070312
133,2020-09-18,10944.5859375,3319.469970703125,1952.0999755859373,92.93000030517578
134,2020-09-21,10462.259765625,3281.06005859375,1901.199951171875,93.54000091552734
135,2020-09-22,10538.4599609375,3315.570068359375,1898.5999755859373,93.98999786376952
136,2020-09-23,10246.1865234375,3236.919921875,1859.9000244140625,94.38999938964844
137,2020-09-24,10760.06640625,3246.590087890625,1868.300048828125,94.3499984741211
138,2020-09-25,10692.716796875,3298.4599609375,1857.699951171875,94.58000183105467
139,2020-09-28,10709.65234375,3351.60009765625,1872.800048828125,94.26000213623048
140,2020-09-29,10844.640625,3335.469970703125,1894.300048828125,93.88999938964844
141,2020-09-30,10784.4912109375,3363.0,1887.5,93.88999938964844
142,2020-10-01,10619.4521484375,3380.800048828125,1908.4000244140625,93.70999908447266
143,2020-10-02,10575.974609375,3348.419921875,1900.199951171875,93.83999633789062
144,2020-10-05,10793.33984375,3408.60009765625,1912.5,93.51000213623048
145,2020-10-06,10604.40625,3360.969970703125,1901.0999755859373,93.83000183105467
146,2020-10-07,10668.96875,3419.43994140625,1883.5999755859373,93.62999725341795
147,2020-10-08,10915.685546875,3446.830078125,1888.5999755859373,93.61000061035156
148,2020-10-09,11064.4580078125,3477.139892578125,1919.5,93.05999755859376
149,2020-10-12,11555.36328125,3534.219970703125,1922.5,93.06999969482422
150,2020-10-13,11425.8994140625,3511.929931640625,1888.5,93.52999877929688
151,2020-10-14,11429.5068359375,3488.669921875,1901.300048828125,93.37999725341795
152,2020-10-15,11495.349609375,3483.340087890625,1903.199951171875,93.86000061035156
153,2020-10-16,11322.123046875,3483.81005859375,1900.800048828125,93.68000030517578
154,2020-10-19,11742.037109375,3426.919921875,1906.4000244140625,93.43000030517578
155,2020-10-20,11916.3349609375,3443.1201171875,1910.4000244140625,93.06999969482422
156,2020-10-21,12823.689453125,3435.56005859375,1924.5999755859373,92.61000061035156
157,2020-10-22,12965.8916015625,3453.489990234375,1901.0999755859373,92.9499969482422
158,2020-10-23,12931.5390625,3465.389892578125,1902.0,92.7699966430664
159,2020-10-26,13075.248046875,3400.969970703125,1902.699951171875,93.0500030517578
160,2020-10-27,13654.21875,3390.679931640625,1908.800048828125,92.94000244140624
161,2020-10-28,13271.28515625,3271.030029296875,1876.199951171875,93.41000366210938
162,2020-10-29,13437.8828125,3310.110107421875,1865.5999755859373,93.95999908447266
163,2020-10-30,13546.5224609375,3269.9599609375,1877.4000244140625,94.04000091552734
164,2020-11-02,13550.4892578125,3310.239990234375,1890.4000244140625,94.0500030517578
165,2020-11-03,13950.30078125,3369.159912109375,1908.5,93.5500030517578
166,2020-11-04,14133.70703125,3443.43994140625,1894.5999755859373,93.41000366210938
167,2020-11-05,15579.8486328125,3510.449951171875,1945.300048828125,92.52999877929688
168,2020-11-06,15565.880859375,3509.43994140625,1950.300048828125,92.2300033569336
169,2020-11-09,15332.3154296875,3550.5,1853.199951171875,92.7300033569336
170,2020-11-10,15290.90234375,3545.530029296875,1875.4000244140625,92.75
171,2020-11-11,15701.33984375,3572.659912109375,1860.699951171875,93.04000091552734
172,2020-11-12,16276.34375,3537.010009765625,1872.5999755859373,92.95999908447266
173,2020-11-13,16317.80859375,3585.14990234375,1885.699951171875,92.76000213623048
174,2020-11-16,16716.111328125,3626.909912109375,1887.300048828125,92.56999969482422
175,2020-11-17,17645.40625,3609.530029296875,1884.5,92.41999816894533
176,2020-11-18,17804.005859375,3567.7900390625,1873.5,92.31999969482422
177,2020-11-19,17817.08984375,3581.8701171875,1861.0999755859373,92.29000091552734
178,2020-11-20,18621.314453125,3557.5400390625,1872.5999755859373,92.38999938964844
179,2020-11-23,18364.12109375,3577.590087890625,1837.800048828125,92.51000213623048
180,2020-11-24,19107.46484375,3635.409912109375,1804.800048828125,92.2300033569336
181,2020-11-25,18732.12109375,3629.64990234375,1805.699951171875,91.98999786376952
182,2020-11-27,17108.40234375,3638.35009765625,1781.9000244140625,91.79000091552734
183,2020-11-30,19625.8359375,3621.6298828125,1775.699951171875,91.87000274658205
184,2020-12-01,18802.998046875,3662.449951171875,1814.0999755859373,91.30999755859376
185,2020-12-02,19201.091796875,3669.010009765625,1825.699951171875,91.12000274658205
186,2020-12-03,19445.3984375,3666.719970703125,1836.800048828125,90.70999908447266
187,2020-12-04,18699.765625,3699.1201171875,1835.9000244140625,90.6999969482422
188,2020-12-07,19191.630859375,3691.9599609375,1861.800048828125,90.79000091552734
189,2020-12-08,18321.14453125,3702.25,1870.800048828125,90.97000122070312
190,2020-12-09,18553.916015625,3672.820068359375,1834.5999755859373,91.08999633789062
191,2020-12-10,18264.9921875,3668.10009765625,1833.5999755859373,90.79000091552734
192,2020-12-11,18058.904296875,3663.4599609375,1839.800048828125,90.9800033569336
193,2020-12-14,19246.64453125,3647.489990234375,1828.699951171875,90.70999908447266
194,2020-12-15,19417.076171875,3694.6201171875,1852.300048828125,90.47000122070312
195,2020-12-16,21310.59765625,3701.169921875,1856.0999755859373,90.4499969482422
196,2020-12-17,22805.162109375,3722.47998046875,1887.199951171875,89.81999969482422
197,2020-12-18,23137.9609375,3709.409912109375,1885.699951171875,90.0199966430664
198,2020-12-21,22803.08203125,3694.919921875,1879.199951171875,90.04000091552734
199,2020-12-22,23783.029296875,3687.260009765625,1866.5999755859373,90.6500015258789
200,2020-12-23,23241.345703125,3690.010009765625,1874.699951171875,90.41000366210938
201,2020-12-24,23735.94921875,3703.06005859375,1879.9000244140625,90.33000183105467
202,2020-12-28,27084.80859375,3735.360107421875,1877.199951171875,90.33999633789062
203,2020-12-29,27362.4375,3727.0400390625,1879.699951171875,90.01000213623047
204,2020-12-30,28840.953125,3732.0400390625,1891.0,89.62999725341797
205,2020-12-31,29001.720703125,3756.070068359375,1893.0999755859373,89.94000244140625
206,2021-01-04,31971.9140625,3700.64990234375,1944.699951171875,89.87999725341797
207,2021-01-05,33992.4296875,3726.860107421875,1952.699951171875,89.44000244140625
208,2021-01-06,36824.36328125,3748.139892578125,1906.9000244140625,89.52999877929688
209,2021-01-07,39371.04296875,3803.7900390625,1912.300048828125,89.83000183105469
210,2021-01-08,40797.609375,3824.679931640625,1834.0999755859373,90.0999984741211
211,2021-01-11,35566.65625,3799.610107421875,1849.5999755859373,90.54000091552734
212,2021-01-12,33922.9609375,3801.18994140625,1842.9000244140625,90.05000305175781
213,2021-01-13,37316.359375,3809.840087890625,1853.5999755859373,90.31999969482422
214,2021-01-14,39187.328125,3795.5400390625,1850.300048828125,90.23999786376952
215,2021-01-15,36825.3671875,3768.25,1829.300048828125,90.77999877929688
216,2021-01-19,36069.8046875,3798.909912109375,1839.5,90.5
217,2021-01-20,35547.75,3851.85009765625,1865.9000244140625,90.47000122070312
218,2021-01-21,30825.69921875,3853.070068359375,1865.300048828125,90.12999725341795
219,2021-01-22,33005.76171875,3841.469970703125,1855.699951171875,90.23999786376952
220,2021-01-25,32366.392578125,3855.360107421875,1854.9000244140625,90.38999938964844
221,2021-01-26,32569.849609375,3849.6201171875,1850.699951171875,90.16999816894533
222,2021-01-27,30432.546875,3750.77001953125,1844.9000244140625,90.6500015258789
223,2021-01-28,33466.09765625,3787.3798828125,1837.9000244140625,90.45999908447266
224,2021-01-29,34316.38671875,3714.239990234375,1847.300048828125,90.58000183105467
225,2021-02-01,33537.17578125,3773.860107421875,1860.800048828125,91.0199966430664
226,2021-02-02,35510.2890625,3826.31005859375,1830.5,91.1999969482422
227,2021-02-03,37472.08984375,3830.169921875,1832.199951171875,91.12000274658205
228,2021-02-04,36926.06640625,3871.739990234375,1788.9000244140625,91.52999877929688
229,2021-02-05,38144.30859375,3886.830078125,1810.9000244140625,91.04000091552734
230,2021-02-08,46196.46484375,3915.590087890625,1831.9000244140625,90.93000030517578
231,2021-02-09,46481.10546875,3911.22998046875,1835.300048828125,90.44000244140624
232,2021-02-10,44918.18359375,3909.8798828125,1840.5999755859373,90.37000274658205
233,2021-02-11,47909.33203125,3916.3798828125,1824.9000244140625,90.41999816894533
234,2021-02-12,47504.8515625,3934.830078125,1821.5999755859373,90.4800033569336
235,2021-02-16,49199.87109375,3932.590087890625,1797.199951171875,90.51000213623048
236,2021-02-17,52149.0078125,3931.330078125,1771.0999755859375,90.9499969482422
237,2021-02-18,51679.796875,3913.969970703125,1773.4000244140625,90.58999633789062
238,2021-02-19,55888.1328125,3906.7099609375,1775.800048828125,90.36000061035156
239,2021-02-22,54207.3203125,3876.5,1806.699951171875,90.01000213623047
240,2021-02-23,48824.42578125,3881.3701171875,1804.4000244140625,90.16999816894533
241,2021-02-24,49705.33203125,3925.429931640625,1796.4000244140625,90.18000030517578
242,2021-02-25,47093.8515625,3829.340087890625,1774.4000244140625,90.12999725341795
243,2021-02-26,46339.76171875,3811.14990234375,1728.0999755859375,90.93000030517578
244,2021-03-01,49631.2421875,3901.820068359375,1722.5,91.04000091552734
245,2021-03-02,48378.98828125,3870.2900390625,1733.0999755859375,90.79000091552734
246,2021-03-03,50538.2421875,3819.719970703125,1715.300048828125,90.9499969482422
247,2021-03-04,48561.16796875,3768.469970703125,1700.199951171875,91.62999725341795
248,2021-03-05,48927.3046875,3841.93994140625,1698.0,91.9800033569336
249,2021-03-08,52246.5234375,3821.35009765625,1677.699951171875,92.30999755859376
250,2021-03-09,54824.1171875,3875.43994140625,1716.5999755859375,91.95999908447266
251,2021-03-10,56008.55078125,3898.81005859375,1721.5,91.79000091552734
252,2021-03-11,57805.12109375,3939.340087890625,1722.300048828125,91.41999816894533
253,2021-03-12,57332.08984375,3943.340087890625,1719.5,91.68000030517578
254,2021-03-15,55907.19921875,3968.93994140625,1728.9000244140625,91.83000183105467
255,2021-03-16,56804.90234375,3962.7099609375,1730.5999755859375,91.87000274658205
256,2021-03-17,58870.89453125,3974.1201171875,1726.800048828125,91.4000015258789
257,2021-03-18,57858.921875,3915.4599609375,1732.199951171875,91.8499984741211
258,2021-03-19,58346.65234375,3913.10009765625,1741.4000244140625,91.91999816894533
259,2021-03-22,54529.14453125,3940.590087890625,1737.800048828125,91.8000030517578
260,2021-03-23,54738.9453125,3910.52001953125,1724.699951171875,92.33999633789062
261,2021-03-24,52774.265625,3889.139892578125,1732.9000244140625,92.52999877929688
262,2021-03-25,51704.16015625,3909.52001953125,1724.9000244140625,92.87999725341795
263,2021-03-26,55137.3125,3974.5400390625,1732.199951171875,92.7699966430664
264,2021-03-29,57750.19921875,3971.090087890625,1712.0999755859375,92.94000244140624
265,2021-03-30,58917.69140625,3958.550048828125,1683.9000244140625,93.3000030517578
266,2021-03-31,58918.83203125,3972.889892578125,1713.800048828125,93.2300033569336
267,2021-04-01,59095.80859375,4019.8701171875,1726.5,92.93000030517578
268,2021-04-05,59057.87890625,4077.909912109375,1727.0,92.5999984741211
269,2021-04-06,58192.359375,4073.93994140625,1741.5,92.33999633789062
270,2021-04-07,56048.9375,4079.949951171875,1740.0999755859375,92.45999908447266
271,2021-04-08,58323.953125,4097.169921875,1756.800048828125,92.05999755859376
272,2021-04-09,58245.00390625,4128.7998046875,1743.300048828125,92.16000366210938
273,2021-04-12,59893.453125,4127.990234375,1731.199951171875,92.13999938964844
274,2021-04-13,63503.45703125,4141.58984375,1746.199951171875,91.8499984741211
275,2021-04-14,63109.6953125,4124.66015625,1734.9000244140625,91.69000244140624
276,2021-04-15,63314.01171875,4170.419921875,1765.4000244140625,91.66999816894533
277,2021-04-16,61572.7890625,4185.47021484375,1779.0,91.55999755859376
278,2021-04-19,55724.265625,4163.259765625,1769.4000244140625,91.06999969482422
279,2021-04-20,56473.03125,4134.93994140625,1777.300048828125,91.23999786376952
280,2021-04-21,53906.08984375,4173.419921875,1792.300048828125,91.16000366210938
281,2021-04-22,51762.2734375,4134.97998046875,1781.199951171875,91.33000183105467
282,2021-04-23,51093.65234375,4180.169921875,1777.0,90.86000061035156
283,2021-04-26,54021.75390625,4187.6201171875,1779.199951171875,90.80999755859376
284,2021-04-27,55033.1171875,4186.72021484375,1778.0,90.91000366210938
285,2021-04-28,54824.703125,4183.18017578125,1773.199951171875,90.61000061035156
286,2021-04-29,53555.109375,4211.47021484375,1768.0999755859375,90.61000061035156
287,2021-04-30,57750.17578125,4181.169921875,1767.300048828125,91.27999877929688
288,2021-05-03,57200.29296875,4192.66015625,1791.4000244140625,90.9499969482422
289,2021-05-04,53333.5390625,4164.66015625,1775.800048828125,91.29000091552734
290,2021-05-05,57424.0078125,4167.58984375,1784.0999755859375,91.30999755859376
291,2021-05-06,56396.515625,4201.6201171875,1815.5,90.9499969482422
292,2021-05-07,57356.40234375,4232.60009765625,1831.0999755859373,90.2300033569336
293,2021-05-10,55859.796875,4188.43017578125,1837.5,90.20999908447266
294,2021-05-11,56704.57421875,4152.10009765625,1835.9000244140625,90.13999938964844
295,2021-05-12,49150.53515625,4063.0400390625,1822.5999755859373,90.70999908447266
296,2021-05-13,49716.19140625,4112.5,1823.800048828125,90.75
297,2021-05-14,49880.53515625,4173.85009765625,1837.9000244140625,90.31999969482422
298,2021-05-17,43537.51171875,4163.2900390625,1867.5,90.22000122070312
299,2021-05-18,42909.40234375,4127.830078125,1867.800048828125,89.75
300,2021-05-19,37002.44140625,4115.68017578125,1881.300048828125,90.19000244140624
301,2021-05-20,40782.73828125,4159.1201171875,1881.800048828125,89.80999755859375
302,2021-05-21,37304.69140625,4155.85986328125,1876.699951171875,90.0199966430664
303,2021-05-24,38705.98046875,4197.0498046875,1884.5999755859373,89.83000183105469
304,2021-05-25,38402.22265625,4188.1298828125,1898.0999755859373,89.63999938964844
305,2021-05-26,39294.19921875,4195.990234375,1901.300048828125,90.04000091552734
306,2021-05-27,38436.96875,4200.8798828125,1895.699951171875,89.97000122070312
307,2021-05-28,35697.60546875,4204.10986328125,1902.5,90.02999877929688
308,2021-06-01,36684.92578125,4202.0400390625,1902.9000244140625,89.83000183105469
309,2021-06-02,37575.1796875,4208.1201171875,1907.5,89.9000015258789
310,2021-06-03,39208.765625,4192.85009765625,1871.199951171875,90.5
311,2021-06-04,36894.40625,4229.89013671875,1889.800048828125,90.13999938964844
312,2021-06-07,33560.70703125,4226.52001953125,1896.800048828125,89.94999694824219
313,2021-06-08,33472.6328125,4227.259765625,1892.199951171875,90.08000183105467
314,2021-06-09,37345.12109375,4219.5498046875,1893.199951171875,90.12000274658205
315,2021-06-10,36702.59765625,4239.18017578125,1894.199951171875,90.08000183105467
316,2021-06-11,37334.3984375,4247.43994140625,1877.4000244140625,90.55999755859376
317,2021-06-14,40218.4765625,4255.14990234375,1864.0,90.5199966430664
318,2021-06-15,40406.26953125,4246.58984375,1854.5,90.54000091552734
319,2021-06-16,38347.0625,4223.7001953125,1859.5,91.12999725341795
320,2021-06-17,38053.50390625,4221.85986328125,1773.800048828125,91.88999938964844
321,2021-06-18,35787.24609375,4166.4501953125,1767.9000244140625,92.2300033569336
322,2021-06-21,31676.693359375,4224.7900390625,1781.800048828125,91.86000061035156
323,2021-06-22,32505.66015625,4246.43994140625,1776.300048828125,91.7300033569336
324,2021-06-23,33723.02734375,4241.83984375,1782.300048828125,91.8000030517578
325,2021-06-24,34662.4375,4266.490234375,1775.5999755859375,91.81999969482422
326,2021-06-25,31637.779296875,4280.7001953125,1776.5999755859375,91.80999755859376
327,2021-06-28,34434.3359375,4290.60986328125,1779.5999755859375,91.87999725341795
328,2021-06-29,35867.77734375,4291.7998046875,1762.800048828125,92.0500030517578
329,2021-06-30,35040.8359375,4297.5,1770.800048828125,92.44000244140624
330,2021-07-01,33572.1171875,4319.93994140625,1775.9000244140625,92.5999984741211
331,2021-07-02,33897.046875,4352.33984375,1782.5999755859375,92.2300033569336
332,2021-07-06,34235.1953125,4343.5400390625,1793.5,92.5500030517578
333,2021-07-07,33855.328125,4358.1298828125,1801.5,92.63999938964844
334,2021-07-08,32877.37109375,4320.81982421875,1799.5999755859375,92.36000061035156
335,2021-07-09,33798.01171875,4369.5498046875,1810.0,92.12999725341795
336,2021-07-12,33155.84765625,4384.6298828125,1805.5,92.2300033569336
337,2021-07-13,32702.025390625,4369.2099609375,1809.4000244140625,92.75
338,2021-07-14,32822.34765625,4374.2998046875,1824.300048828125,92.41000366210938
339,2021-07-15,31780.73046875,4360.02978515625,1828.4000244140625,92.62000274658205
340,2021-07-16,31421.5390625,4327.16015625,1814.5,92.69000244140624
341,2021-07-19,30817.83203125,4258.490234375,1808.699951171875,92.88999938964844
342,2021-07-20,29807.34765625,4323.06005859375,1810.9000244140625,92.97000122070312
343,2021-07-21,32110.693359375,4358.68994140625,1802.9000244140625,92.75
344,2021-07-22,32313.10546875,4367.47998046875,1805.0,92.81999969482422
345,2021-07-23,33581.55078125,4411.7900390625,1801.4000244140625,92.91000366210938
346,2021-07-26,37337.53515625,4422.2998046875,1798.699951171875,92.6500015258789
347,2021-07-27,39406.94140625,4401.4599609375,1799.5,92.43000030517578
348,2021-07-28,39995.90625,4400.64013671875,1799.5,92.31999969482422
349,2021-07-29,40008.421875,4419.14990234375,1831.199951171875,91.86000061035156
350,2021-07-30,42235.546875,4395.259765625,1812.5999755859373,92.16999816894533
351,2021-08-02,39201.9453125,4387.16015625,1818.0999755859373,92.0500030517578
352,2021-08-03,38152.98046875,4423.14990234375,1810.0999755859373,92.08000183105467
353,2021-08-04,39747.50390625,4402.66015625,1810.5,92.2699966430664
354,2021-08-05,40869.5546875,4429.10009765625,1805.0999755859373,92.23999786376952
355,2021-08-06,42816.5,4436.52001953125,1760.0,92.8000030517578
356,2021-08-09,46365.40234375,4432.35009765625,1723.4000244140625,92.9499969482422
357,2021-08-10,45585.03125,4436.75,1728.800048828125,93.05999755859376
358,2021-08-11,45593.63671875,4442.41015625,1750.4000244140625,92.91000366210938
359,2021-08-12,44428.2890625,4460.830078125,1749.0,93.04000091552734
360,2021-08-13,47793.3203125,4468.0,1775.199951171875,92.5199966430664
361,2021-08-16,46004.484375,4479.7099609375,1786.9000244140625,92.62999725341795
362,2021-08-17,44695.359375,4448.080078125,1785.0,93.12999725341795
363,2021-08-18,44801.1875,4400.27001953125,1781.5999755859375,93.13999938964844
364,2021-08-19,46717.578125,4405.7998046875,1780.199951171875,93.56999969482422
365,2021-08-20,49339.17578125,4441.669921875,1781.0,93.5
366,2021-08-23,49546.1484375,4479.52978515625,1803.199951171875,92.95999908447266
367,2021-08-24,47706.1171875,4486.22998046875,1805.5999755859373,92.88999938964844
368,2021-08-25,48960.7890625,4496.18994140625,1788.199951171875,92.83000183105467
369,2021-08-26,46942.21875,4470.0,1792.199951171875,93.05999755859376
370,2021-08-27,49058.66796875,4509.3701171875,1816.5999755859373,92.69000244140624
371,2021-08-30,47054.984375,4528.7900390625,1809.0,92.6500015258789
372,2021-08-31,47166.6875,4522.68017578125,1815.0,92.62999725341795
373,2021-09-01,48847.02734375,4524.08984375,1813.0999755859373,92.4499969482422
374,2021-09-02,49327.72265625,4536.9501953125,1808.699951171875,92.2300033569336
375,2021-09-03,50025.375,4535.43017578125,1830.9000244140625,92.04000091552734
376,2021-09-07,46811.12890625,4520.02978515625,1795.9000244140625,92.5199966430664
377,2021-09-08,46091.390625,4514.06982421875,1790.699951171875,92.6500015258789
378,2021-09-09,46391.421875,4493.27978515625,1797.4000244140625,92.4800033569336
379,2021-09-10,44883.91015625,4458.580078125,1789.5999755859375,92.58000183105467
380,2021-09-13,44963.07421875,4468.72998046875,1792.0,92.62000274658205
381,2021-09-14,47092.4921875,4443.0498046875,1804.699951171875,92.6500015258789
382,2021-09-15,48176.34765625,4480.7001953125,1792.4000244140625,92.48999786376952
383,2021-09-16,47783.359375,4473.75,1754.5999755859375,92.86000061035156
384,2021-09-17,47267.51953125,4432.990234375,1749.4000244140625,93.1999969482422
385,2021-09-20,42843.80078125,4357.72998046875,1761.800048828125,93.23999786376952
386,2021-09-21,40693.67578125,4354.18994140625,1776.0,93.1999969482422
387,2021-09-22,43574.5078125,4395.64013671875,1776.699951171875,93.45999908447266
388,2021-09-23,44895.09765625,4448.97998046875,1747.699951171875,93.0999984741211
389,2021-09-24,42839.75,4455.47998046875,1749.699951171875,93.33000183105467
390,2021-09-27,42235.73046875,4443.10986328125,1750.0,93.37999725341795
391,2021-09-28,41034.54296875,4352.6298828125,1735.800048828125,93.7699966430664
392,2021-09-29,41564.36328125,4359.4599609375,1721.5,94.33999633789062
393,2021-09-30,43790.89453125,4307.5400390625,1755.300048828125,94.25
394,2021-10-01,48116.94140625,4357.0400390625,1757.0,94.04000091552734
395,2021-10-04,49112.90234375,4300.4599609375,1766.199951171875,93.80999755859376
396,2021-10-05,51514.8125,4345.72021484375,1759.5999755859375,93.9800033569336
397,2021-10-06,55361.44921875,4363.5498046875,1760.5,94.2699966430664
398,2021-10-07,53805.984375,4399.759765625,1757.9000244140625,94.22000122070312
399,2021-10-08,53967.84765625,4391.33984375,1756.300048828125,94.06999969482422
400,2021-10-11,57484.7890625,4361.18994140625,1754.5999755859375,94.31999969482422
401,2021-10-12,56041.05859375,4350.64990234375,1758.300048828125,94.5199966430664
402,2021-10-13,57401.09765625,4363.7998046875,1793.699951171875,94.08000183105467
403,2021-10-14,57321.5234375,4438.259765625,1796.699951171875,93.95999908447266
404,2021-10-15,61593.94921875,4471.3701171875,1767.199951171875,93.94000244140624
405,2021-10-18,62026.078125,4486.4599609375,1764.800048828125,93.9499969482422
406,2021-10-19,64261.9921875,4519.6298828125,1769.699951171875,93.79000091552734
407,2021-10-20,65992.8359375,4536.18994140625,1784.0999755859375,93.55999755859376
408,2021-10-21,62210.171875,4549.77978515625,1781.199951171875,93.7699966430664
409,2021-10-22,60692.265625,4544.89990234375,1795.5,93.61000061035156
410,2021-10-25,63039.82421875,4566.47998046875,1806.0,93.80999755859376
411,2021-10-26,60363.79296875,4574.7900390625,1792.699951171875,93.9499969482422
412,2021-10-27,58482.38671875,4551.68017578125,1797.9000244140625,93.86000061035156
413,2021-10-28,60622.13671875,4596.419921875,1801.5999755859373,93.3499984741211
414,2021-10-29,62227.96484375,4605.3798828125,1783.0,94.12000274658205
415,2021-11-01,61004.40625,4613.669921875,1795.0999755859375,93.87999725341795
416,2021-11-02,63226.40234375,4630.64990234375,1788.699951171875,94.08999633789062
417,2021-11-03,62970.046875,4660.56982421875,1763.5999755859375,93.86000061035156
418,2021-11-04,61452.23046875,4680.06005859375,1793.0,94.3499984741211
419,2021-11-05,61125.67578125,4697.52978515625,1816.4000244140625,94.31999969482422
420,2021-11-08,67566.828125,4701.7001953125,1827.4000244140625,94.0500030517578
421,2021-11-09,66971.828125,4685.25,1830.199951171875,93.95999908447266
422,2021-11-10,64995.23046875,4646.7099609375,1847.5999755859373,94.8499984741211
423,2021-11-11,64949.9609375,4649.27001953125,1863.199951171875,95.18000030517578
424,2021-11-12,64155.94140625,4682.85009765625,1867.9000244140625,95.12999725341795
425,2021-11-15,63557.87109375,4682.7998046875,1866.0999755859373,95.41000366210938
426,2021-11-16,60161.24609375,4700.89990234375,1853.5999755859373,95.91999816894533
427,2021-11-17,60368.01171875,4688.669921875,1869.699951171875,95.83000183105467
428,2021-11-18,56942.13671875,4704.5400390625,1861.0,95.54000091552734
429,2021-11-19,58119.578125,4697.9599609375,1851.199951171875,96.06999969482422
430,2021-11-22,56289.2890625,4682.93994140625,1806.0,96.5
431,2021-11-23,57569.07421875,4690.7001953125,1783.5,96.48999786376952
432,2021-11-24,56280.42578125,4701.4599609375,1784.0999755859375,96.83999633789062
433,2021-11-26,53569.765625,4594.6201171875,1785.300048828125,96.08999633789062
434,2021-11-29,57806.56640625,4655.27001953125,1782.300048828125,96.33999633789062
435,2021-11-30,57005.42578125,4567.0,1773.5999755859375,95.98999786376952
436,2021-12-01,57229.828125,4513.0400390625,1781.5999755859375,96.0500030517578
437,2021-12-02,56477.81640625,4577.10009765625,1760.699951171875,96.12999725341795
438,2021-12-03,53598.24609375,4538.43017578125,1782.0,96.12000274658205
439,2021-12-06,50582.625,4591.669921875,1777.5,96.29000091552734
440,2021-12-07,50700.0859375,4686.75,1782.5999755859375,96.37000274658205
441,2021-12-08,50504.796875,4701.2099609375,1783.4000244140625,95.88999938964844
442,2021-12-09,47672.12109375,4667.4501953125,1774.5999755859375,96.2699966430664
443,2021-12-10,47243.3046875,4712.02001953125,1782.9000244140625,96.0500030517578
444,2021-12-13,46737.48046875,4668.97021484375,1786.300048828125,96.31999969482422
445,2021-12-14,46612.6328125,4634.08984375,1770.4000244140625,96.56999969482422
446,2021-12-15,48896.72265625,4709.85009765625,1762.5999755859375,96.51000213623048
447,2021-12-16,47665.42578125,4668.669921875,1796.5999755859375,96.04000091552734
448,2021-12-17,46202.14453125,4620.64013671875,1803.800048828125,96.56999969482422
449,2021-12-20,46880.27734375,4568.02001953125,1793.699951171875,96.5500030517578
450,2021-12-21,48936.61328125,4649.22998046875,1787.9000244140625,96.48999786376952
451,2021-12-22,48628.51171875,4696.56005859375,1801.5999755859373,96.08000183105467
452,2021-12-23,50784.5390625,4725.7900390625,1811.199951171875,96.0199966430664
453,2021-12-27,50640.41796875,4791.18994140625,1808.0999755859373,96.08999633789062
454,2021-12-28,47588.85546875,4786.35009765625,1810.199951171875,96.1999969482422
455,2021-12-29,46444.7109375,4793.06005859375,1805.0999755859373,95.93000030517578
456,2021-12-30,47178.125,4778.72998046875,1812.699951171875,95.97000122070312
457,2021-12-31,46306.4453125,4766.18017578125,1827.5,95.66999816894533
458,2022-01-03,46458.1171875,4796.56005859375,1799.4000244140625,96.23999786376952
459,2022-01-04,45897.57421875,4793.5400390625,1814.0,96.29000091552734
460,2022-01-05,43569.00390625,4700.580078125,1824.5999755859373,96.19000244140624
461,2022-01-06,43160.9296875,4696.0498046875,1788.699951171875,96.25
462,2022-01-07,41557.90234375,4677.02978515625,1797.0,95.73999786376952
463,2022-01-10,41821.26171875,4670.2900390625,1798.4000244140625,95.98999786376952
464,2022-01-11,42735.85546875,4713.06982421875,1818.5999755859373,95.62000274658205
465,2022-01-12,43949.1015625,4726.35009765625,1827.199951171875,95.0
466,2022-01-13,42591.5703125,4659.02978515625,1821.199951171875,94.79000091552734
467,2022-01-14,43099.69921875,4662.85009765625,1816.5,95.16999816894533
468,2022-01-18,42375.6328125,4577.10986328125,1812.300048828125,95.7300033569336
469,2022-01-19,41744.328125,4532.759765625,1843.0999755859373,95.51000213623048
470,2022-01-20,40680.41796875,4482.72998046875,1842.5,95.73999786376952
471,2022-01-21,36457.31640625,4397.93994140625,1831.800048828125,95.63999938964844
472,2022-01-24,36654.328125,4410.1298828125,1841.699951171875,95.91999816894533
473,2022-01-25,36954.00390625,4356.4501953125,1852.699951171875,95.9499969482422
474,2022-01-26,36852.12109375,4349.93017578125,1829.9000244140625,96.48999786376952
475,2022-01-27,37138.234375,4326.509765625,1793.300048828125,97.26000213623048
476,2022-01-28,37784.33203125,4431.85009765625,1784.9000244140625,97.2699966430664
477,2022-01-31,38483.125,4515.5498046875,1795.0,96.54000091552734
478,2022-02-01,38743.2734375,4546.5400390625,1800.300048828125,96.38999938964844
479,2022-02-02,36952.984375,4589.3798828125,1809.199951171875,95.94000244140624
480,2022-02-03,37154.6015625,4477.43994140625,1803.0,95.37999725341795
481,2022-02-04,41500.875,4500.52978515625,1806.5999755859373,95.4800033569336
482,2022-02-07,43840.28515625,4483.8701171875,1820.5999755859373,95.4000015258789
483,2022-02-08,44118.4453125,4521.5400390625,1826.5999755859373,95.63999938964844
484,2022-02-09,44338.796875,4587.18017578125,1835.199951171875,95.48999786376952
485,2022-02-10,43565.11328125,4504.080078125,1836.199951171875,95.5500030517578
486,2022-02-11,42407.9375,4418.64013671875,1840.800048828125,96.08000183105467
487,2022-02-14,42586.91796875,4401.669921875,1868.0,96.37000274658205
488,2022-02-15,44575.203125,4471.06982421875,1854.800048828125,95.98999786376952
489,2022-02-16,43961.859375,4475.009765625,1870.199951171875,95.6999969482422
490,2022-02-17,40538.01171875,4380.259765625,1900.699951171875,95.8000030517578
491,2022-02-18,40030.9765625,4348.8701171875,1898.5999755859373,96.04000091552734
492,2022-02-22,38286.02734375,4304.759765625,1906.0999755859373,96.02999877929688
493,2022-02-23,37296.5703125,4225.5,1909.199951171875,96.19000244140624
494,2022-02-24,38332.609375,4288.7001953125,1925.0999755859373,97.13999938964844
495,2022-02-25,39214.21875,4384.64990234375,1886.5,96.62000274658205
496,2022-02-28,43193.234375,4373.93994140625,1899.4000244140625,96.70999908447266
497,2022-03-01,44354.63671875,4306.259765625,1942.4000244140625,97.41000366210938
498,2022-03-02,43924.1171875,4386.5400390625,1920.9000244140625,97.38999938964844
499,2022-03-03,42451.7890625,4363.490234375,1934.4000244140625,97.79000091552734
500,2022-03-04,39137.60546875,4328.8701171875,1965.0999755859373,98.6500015258789
501,2022-03-07,38062.0390625,4201.08984375,1993.9000244140625,99.29000091552734
502,2022-03-08,38737.26953125,4170.7001953125,2040.0999755859373,99.05999755859376
503,2022-03-09,41982.92578125,4277.8798828125,1985.9000244140625,97.97000122070312
504,2022-03-10,39437.4609375,4259.52001953125,1998.0999755859373,98.51000213623048
505,2022-03-11,38794.97265625,4204.31005859375,1982.699951171875,99.12000274658205
506,2022-03-14,39666.75390625,4173.10986328125,1959.5999755859373,99.05999755859376
507,2022-03-15,39338.78515625,4262.4501953125,1928.5,99.06999969482422
508,2022-03-16,41143.9296875,4357.85986328125,1908.0,98.37999725341795
509,2022-03-17,40951.37890625,4411.669921875,1942.0999755859373,98.01000213623048
510,2022-03-18,41801.15625,4463.1201171875,1928.199951171875,98.2300033569336
511,2022-03-21,41077.99609375,4461.18017578125,1928.5999755859373,98.5
512,2022-03-22,42358.80859375,4511.60986328125,1920.699951171875,98.48999786376952
513,2022-03-23,42892.95703125,4456.240234375,1936.5999755859373,98.62000274658205
514,2022-03-24,43960.93359375,4520.16015625,1961.5999755859373,98.79000091552734
515,2022-03-25,44348.73046875,4543.06005859375,1953.800048828125,98.80999755859376
516,2022-03-28,47128.00390625,4575.52001953125,1939.5999755859373,99.08999633789062
517,2022-03-29,47465.73046875,4631.60009765625,1912.0,98.4000015258789
518,2022-03-30,47062.6640625,4602.4501953125,1933.5,97.79000091552734
519,2022-03-31,45538.67578125,4530.41015625,1949.199951171875,98.30999755859376
520,2022-04-01,46281.64453125,4545.85986328125,1919.0999755859373,98.62999725341795
521,2022-04-04,46622.67578125,4582.64013671875,1929.199951171875,98.98999786376952
522,2022-04-05,45555.9921875,4525.1201171875,1922.9000244140625,99.47000122070312
523,2022-04-06,43206.73828125,4481.14990234375,1918.4000244140625,99.5999984741211
524,2022-04-07,43503.84765625,4500.2099609375,1933.800048828125,99.75
525,2022-04-08,42287.6640625,4488.27978515625,1941.5999755859373,99.8000030517578
526,2022-04-11,39521.90234375,4412.52978515625,1944.300048828125,99.93000030517578
527,2022-04-12,40127.18359375,4397.4501953125,1972.0999755859373,100.29000091552734
528,2022-04-13,41166.73046875,4446.58984375,1981.0,99.87999725341795
529,2022-04-14,39935.515625,4392.58984375,1970.9000244140625,100.31999969482422
530,2022-04-18,40826.21484375,4391.68994140625,1982.9000244140625,100.77999877929688
531,2022-04-19,41502.75,4462.2099609375,1955.699951171875,100.95999908447266
532,2022-04-20,41374.37890625,4459.4501953125,1952.300048828125,100.38999938964844
533,2022-04-21,40527.36328125,4393.66015625,1944.9000244140625,100.58000183105467
534,2022-04-22,39740.3203125,4271.77978515625,1931.0,101.22000122070312
535,2022-04-25,40458.30859375,4296.1201171875,1893.199951171875,101.75
536,2022-04-26,38117.4609375,4175.2001953125,1901.4000244140625,102.3000030517578
537,2022-04-27,39241.12109375,4183.9599609375,1885.9000244140625,102.9499969482422
538,2022-04-28,39773.828125,4287.5,1888.699951171875,103.62000274658205
539,2022-04-29,38609.82421875,4131.93017578125,1909.300048828125,102.95999908447266
540,2022-05-02,38529.328125,4155.3798828125,1861.800048828125,103.73999786376952
541,2022-05-03,37750.453125,4175.47998046875,1868.800048828125,103.47000122070312
542,2022-05-04,39698.37109375,4300.169921875,1867.0,102.58999633789062
543,2022-05-05,36575.140625,4146.8701171875,1874.0,103.75
544,2022-05-06,36040.921875,4123.33984375,1881.199951171875,103.66000366210938
545,2022-05-09,30296.953125,3991.239990234375,1857.0999755859373,103.6500015258789
546,2022-05-10,31022.90625,4001.050048828125,1839.9000244140625,103.91999816894533
547,2022-05-11,28936.35546875,3935.179931640625,1852.5999755859373,103.8499984741211
548,2022-05-12,29047.751953125,3930.080078125,1823.800048828125,104.8499984741211
549,2022-05-13,29283.103515625,4023.889892578125,1807.4000244140625,104.55999755859376
550,2022-05-16,29862.91796875,4008.010009765625,1813.5,104.19000244140624
551,2022-05-17,30425.857421875,4088.85009765625,1818.199951171875,103.36000061035156
552,2022-05-18,28720.271484375,3923.679931640625,1815.9000244140625,103.80999755859376
553,2022-05-19,30314.333984375,3900.7900390625,1841.199951171875,102.72000122070312
554,2022-05-20,29200.740234375,3901.360107421875,1841.800048828125,103.1500015258789
555,2022-05-23,29098.91015625,3973.75,1847.800048828125,102.08000183105467
556,2022-05-24,29655.5859375,3941.47998046875,1865.0999755859373,101.86000061035156
557,2022-05-25,29562.361328125,3978.72998046875,1846.199951171875,102.05999755859376
558,2022-05-26,29267.224609375,4057.840087890625,1847.4000244140625,101.83000183105467
559,2022-05-27,28627.57421875,4158.240234375,1851.300048828125,101.66999816894533
560,2022-05-31,31792.310546875,4132.14990234375,1842.699951171875,101.75
561,2022-06-01,29799.080078125,4101.22998046875,1843.300048828125,102.5500030517578
562,2022-06-02,30467.48828125,4176.81982421875,1866.5,101.7699966430664
563,2022-06-03,29704.390625,4108.5400390625,1845.4000244140625,102.13999938964844
564,2022-06-06,31370.671875,4121.43017578125,1839.199951171875,102.44000244140624
565,2022-06-07,31155.478515625,4160.68017578125,1847.5,102.31999969482422
566,2022-06-08,30214.35546875,4115.77001953125,1851.9000244140625,102.54000091552734
567,2022-06-09,30111.998046875,4017.820068359375,1848.800048828125,103.22000122070312
568,2022-06-10,29083.8046875,3900.860107421875,1871.5,104.1500015258789
569,2022-06-13,22487.388671875,3749.6298828125,1828.0,105.08000183105467
570,2022-06-14,22206.79296875,3735.47998046875,1809.5,105.5199966430664
571,2022-06-15,22572.83984375,3789.989990234375,1815.300048828125,105.16000366210938
572,2022-06-16,20381.650390625,3666.77001953125,1845.699951171875,103.62999725341795
573,2022-06-17,20471.482421875,3674.840087890625,1835.5999755859373,104.6999969482422
574,2022-06-21,20710.59765625,3764.7900390625,1834.5999755859373,104.44000244140624
575,2022-06-22,19987.029296875,3759.889892578125,1834.300048828125,104.1999969482422
576,2022-06-23,21085.876953125,3795.72998046875,1825.699951171875,104.43000030517578
577,2022-06-24,21231.65625,3911.739990234375,1826.5,104.19000244140624
578,2022-06-27,20735.478515625,3900.110107421875,1820.9000244140625,103.94000244140624
579,2022-06-28,20280.634765625,3821.550048828125,1817.5,104.51000213623048
580,2022-06-29,20104.0234375,3818.830078125,1813.699951171875,105.11000061035156
581,2022-06-30,19784.7265625,3785.3798828125,1804.0999755859373,104.69000244140624
582,2022-07-01,19269.3671875,3825.330078125,1798.9000244140625,105.13999938964844
583,2022-07-05,20190.115234375,3831.389892578125,1761.800048828125,106.5
584,2022-07-06,20548.24609375,3845.080078125,1734.9000244140625,107.0999984741211
585,2022-07-07,21637.587890625,3902.6201171875,1737.9000244140625,107.12999725341795
586,2022-07-08,21731.1171875,3899.3798828125,1740.5999755859375,107.01000213623048
587,2022-07-11,19970.556640625,3854.429931640625,1730.0,108.0199966430664
588,2022-07-12,19323.9140625,3818.800048828125,1723.300048828125,108.06999969482422
589,2022-07-13,20212.07421875,3801.780029296875,1734.199951171875,107.95999908447266
590,2022-07-14,20569.919921875,3790.3798828125,1704.5,108.54000091552734
591,2022-07-15,20836.328125,3863.159912109375,1702.4000244140625,108.05999755859376
592,2022-07-18,22485.689453125,3830.85009765625,1709.199951171875,107.37000274658205
593,2022-07-19,23389.43359375,3936.68994140625,1710.0,106.68000030517578
594,2022-07-20,23231.732421875,3959.89990234375,1699.5,107.08000183105467
595,2022-07-21,23164.62890625,3998.949951171875,1712.699951171875,106.91000366210938
596,2022-07-22,22714.978515625,3961.6298828125,1727.0999755859375,106.7300033569336
597,2022-07-25,21361.701171875,3966.840087890625,1719.0,106.4800033569336
598,2022-07-26,21239.75390625,3921.050048828125,1717.699951171875,107.19000244140624
599,2022-07-27,22930.548828125,4023.610107421875,1719.0999755859375,106.4499969482422
600,2022-07-28,23843.88671875,4072.429931640625,1750.300048828125,106.3499984741211
601,2022-07-29,23804.6328125,4130.2900390625,1762.9000244140625,105.9000015258789
602,2022-08-01,23314.19921875,4118.6298828125,1769.0,105.4499969482422
603,2022-08-02,22978.1171875,4091.18994140625,1771.0999755859375,106.23999786376952
604,2022-08-03,22846.5078125,4155.169921875,1758.0,106.51000213623048
605,2022-08-04,22630.95703125,4151.93994140625,1788.5,105.69000244140624
606,2022-08-05,23289.314453125,4145.18994140625,1772.9000244140625,106.62000274658205
607,2022-08-08,23809.486328125,4140.06005859375,1786.800048828125,106.44000244140624
608,2022-08-09,23164.318359375,4122.47021484375,1794.0,106.37000274658205
609,2022-08-10,23947.642578125,4210.240234375,1795.5999755859375,105.1999969482422
610,2022-08-11,23957.529296875,4207.27001953125,1789.699951171875,105.08999633789062
611,2022-08-12,24402.818359375,4280.14990234375,1798.5999755859375,105.62999725341795
612,2022-08-15,24136.97265625,4297.14013671875,1781.4000244140625,106.5500030517578
613,2022-08-16,23883.291015625,4305.2001953125,1773.199951171875,106.5
614,2022-08-17,23335.998046875,4274.0400390625,1760.300048828125,106.56999969482422
615,2022-08-18,23212.73828125,4283.740234375,1755.300048828125,107.4800033569336
616,2022-08-19,20877.552734375,4228.47998046875,1747.5999755859375,108.16999816894533
617,2022-08-22,21398.908203125,4137.990234375,1734.0,109.0500030517578
618,2022-08-23,21528.087890625,4128.72998046875,1746.800048828125,108.62000274658205
619,2022-08-24,21395.01953125,4140.77001953125,1747.800048828125,108.68000030517578
620,2022-08-25,21600.904296875,4199.1201171875,1757.699951171875,108.47000122070312
621,2022-08-26,20260.01953125,4057.659912109375,1736.0999755859375,108.8000030517578
622,2022-08-29,20297.994140625,4030.610107421875,1736.5999755859375,108.83999633789062
623,2022-08-30,19796.80859375,3986.159912109375,1723.199951171875,108.7699966430664
624,2022-08-31,20049.763671875,3955.0,1712.800048828125,108.6999969482422
625,2022-09-01,20127.140625,3966.85009765625,1696.5999755859375,109.69000244140624
626,2022-09-02,19969.771484375,3924.260009765625,1709.800048828125,109.52999877929688
627,2022-09-06,18837.66796875,3908.18994140625,1700.4000244140625,110.20999908447266
628,2022-09-07,19290.32421875,3979.8701171875,1715.300048828125,109.83999633789062
629,2022-09-08,19329.833984375,4006.179931640625,1708.0,109.70999908447266
630,2022-09-09,21381.15234375,4067.360107421875,1716.199951171875,109.0
631,2022-09-12,22370.44921875,4110.41015625,1728.0999755859375,108.33000183105467
632,2022-09-13,20296.70703125,3932.68994140625,1705.0,109.81999969482422
633,2022-09-14,20241.08984375,3946.010009765625,1696.5,109.66000366210938
634,2022-09-15,19701.2109375,3901.35009765625,1665.4000244140625,109.73999786376952
635,2022-09-16,19772.583984375,3873.330078125,1671.699951171875,109.76000213623048
636,2022-09-19,19544.12890625,3899.889892578125,1666.199951171875,109.73999786376952
637,2022-09-20,18890.7890625,3855.929931640625,1659.699951171875,110.22000122070312
638,2022-09-21,18547.400390625,3789.929931640625,1664.5999755859375,110.63999938964844
639,2022-09-22,19413.55078125,3757.989990234375,1670.800048828125,111.3499984741211
640,2022-09-23,19297.638671875,3693.22998046875,1645.300048828125,113.19000244140624
641,2022-09-26,19222.671875,3655.0400390625,1623.300048828125,114.0999984741211
642,2022-09-27,19110.546875,3647.2900390625,1626.699951171875,114.11000061035156
643,2022-09-28,19426.720703125,3719.0400390625,1660.4000244140625,112.5999984741211
644,2022-09-29,19573.05078125,3640.469970703125,1658.5,112.25
645,2022-09-30,19431.7890625,3585.6201171875,1662.4000244140625,112.12000274658205
646,2022-10-03,19623.580078125,3678.429931640625,1692.9000244140625,111.75
647,2022-10-04,20336.84375,3790.929931640625,1721.0999755859375,110.06999969482422
648,2022-10-05,20160.716796875,3783.280029296875,1711.4000244140625,111.06999969482422
649,2022-10-06,19955.443359375,3744.52001953125,1711.699951171875,112.26000213623048
650,2022-10-07,19546.849609375,3639.659912109375,1700.5,112.8000030517578
651,2022-10-10,19141.484375,3612.389892578125,1667.300048828125,113.13999938964844
652,2022-10-11,19051.41796875,3588.840087890625,1678.699951171875,113.22000122070312
653,2022-10-12,19157.4453125,3577.030029296875,1670.300048828125,113.31999969482422
654,2022-10-13,19382.904296875,3669.909912109375,1670.0,112.36000061035156
655,2022-10-14,19185.65625,3583.070068359375,1641.699951171875,113.30999755859376
656,2022-10-17,19550.7578125,3677.949951171875,1657.0,112.04000091552734
657,2022-10-18,19334.416015625,3719.97998046875,1649.0,112.12999725341795
658,2022-10-19,19139.53515625,3695.159912109375,1627.5,112.9800033569336
659,2022-10-20,19053.740234375,3665.780029296875,1630.800048828125,112.87999725341795
660,2022-10-21,19172.46875,3752.75,1651.0,112.01000213623048
661,2022-10-24,19345.572265625,3797.340087890625,1648.699951171875,111.98999786376952
662,2022-10-25,20095.857421875,3859.110107421875,1652.800048828125,110.9499969482422
663,2022-10-26,20770.44140625,3830.60009765625,1664.0,109.6999969482422
664,2022-10-27,20285.8359375,3807.300048828125,1660.699951171875,110.58999633789062
665,2022-10-28,20595.3515625,3901.06005859375,1639.5999755859375,110.66999816894533
666,2022-10-31,20495.7734375,3871.97998046875,1635.9000244140625,111.52999877929688
667,2022-11-01,20485.2734375,3856.10009765625,1645.0,111.4800033569336
668,2022-11-02,20159.50390625,3759.68994140625,1645.699951171875,111.3499984741211
669,2022-11-03,20209.98828125,3719.889892578125,1627.300048828125,112.93000030517578
670,2022-11-04,21147.23046875,3770.550048828125,1672.5,110.87999725341795
671,2022-11-07,20602.81640625,3806.800048828125,1676.5,110.12000274658205
672,2022-11-08,18541.271484375,3828.110107421875,1712.0999755859375,109.62000274658205
673,2022-11-09,15880.7802734375,3748.570068359375,1710.0999755859375,110.5500030517578
674,2022-11-10,17586.771484375,3956.3701171875,1750.300048828125,108.20999908447266
675,2022-11-11,17034.29296875,3992.929931640625,1766.0,106.29000091552734
676,2022-11-14,16618.19921875,3957.25,1773.5999755859375,106.66000366210938
677,2022-11-15,16884.61328125,3991.72998046875,1773.800048828125,106.4000015258789
678,2022-11-16,16669.439453125,3958.7900390625,1773.0,106.27999877929688
679,2022-11-17,16687.517578125,3946.56005859375,1760.800048828125,106.69000244140624
680,2022-11-18,16697.77734375,3965.340087890625,1751.9000244140625,106.93000030517578
681,2022-11-21,15787.2841796875,3949.93994140625,1737.4000244140625,107.83999633789062
682,2022-11-22,16189.76953125,4003.580078125,1738.300048828125,107.22000122070312
683,2022-11-23,16610.70703125,4027.260009765625,1744.9000244140625,106.08000183105467
684,2022-11-25,16521.841796875,4026.1201171875,1753.300048828125,105.95999908447266
685,2022-11-28,16217.322265625,3963.93994140625,1740.0999755859375,106.68000030517578
686,2022-11-29,16444.982421875,3957.6298828125,1748.4000244140625,106.81999969482422
687,2022-11-30,17168.56640625,4080.110107421875,1746.0,105.9499969482422
688,2022-12-01,16967.1328125,4076.570068359375,1801.0999755859375,104.7300033569336
689,2022-12-02,17088.66015625,4071.699951171875,1795.9000244140625,104.5500030517578
690,2022-12-05,16974.826171875,3998.840087890625,1767.4000244140625,105.29000091552734
691,2022-12-06,17089.50390625,3941.260009765625,1769.300048828125,105.58000183105467
692,2022-12-07,16848.126953125,3933.919921875,1785.5,105.0999984741211
693,2022-12-08,17233.474609375,3963.510009765625,1788.699951171875,104.7699966430664
694,2022-12-09,17133.15234375,3934.3798828125,1798.0999755859375,104.80999755859376
695,2022-12-12,17206.4375,3990.56005859375,1780.5,105.12999725341795
696,2022-12-13,17781.318359375,4019.64990234375,1813.9000244140625,103.9800033569336
697,2022-12-14,17815.650390625,3995.320068359375,1807.5,103.7699966430664
698,2022-12-15,17364.865234375,3895.75,1777.199951171875,104.55999755859376
699,2022-12-16,16647.484375,3852.360107421875,1790.0,104.6999969482422
700,2022-12-19,16439.6796875,3817.659912109375,1787.699951171875,104.72000122070312
701,2022-12-20,16906.3046875,3821.6201171875,1815.9000244140625,103.97000122070312
702,2022-12-21,16817.53515625,3878.43994140625,1815.9000244140625,104.16000366210938
703,2022-12-22,16830.341796875,3822.389892578125,1787.0,104.43000030517578
704,2022-12-23,16796.953125,3844.820068359375,1795.9000244140625,104.30999755859376
705,2022-12-27,16717.173828125,3829.25,1814.800048828125,104.18000030517578
706,2022-12-28,16552.572265625,3783.219970703125,1807.9000244140625,104.45999908447266
707,2022-12-29,16642.341796875,3849.280029296875,1819.5,103.83999633789062
708,2022-12-30,16602.5859375,3839.5,1819.699951171875,103.5199966430664
709,2023-01-03,16679.857421875,3824.139892578125,1839.699951171875,104.5199966430664
710,2023-01-04,16863.23828125,3852.969970703125,1852.800048828125,104.25
711,2023-01-05,16836.736328125,3808.10009765625,1834.800048828125,105.04000091552734
712,2023-01-06,16951.96875,3895.080078125,1864.199951171875,103.87999725341795
713,2023-01-09,17196.5546875,3892.090087890625,1872.699951171875,103.0
714,2023-01-10,17446.29296875,3919.25,1871.5999755859373,103.23999786376952
715,2023-01-11,17934.896484375,3969.610107421875,1874.5999755859373,103.19000244140624
716,2023-01-12,18869.587890625,3983.169921875,1895.5,102.25
717,2023-01-13,19909.57421875,3999.090087890625,1918.4000244140625,102.1999969482422
718,2023-01-17,21161.51953125,3990.969970703125,1907.199951171875,102.38999938964844
719,2023-01-18,20688.78125,3928.860107421875,1904.4000244140625,102.36000061035156
720,2023-01-19,21086.79296875,3898.85009765625,1922.0999755859373,102.05999755859376
721,2023-01-20,22676.552734375,3972.610107421875,1926.4000244140625,102.01000213623048
722,2023-01-23,22934.431640625,4019.81005859375,1927.0999755859373,102.13999938964844
723,2023-01-24,22636.46875,4016.949951171875,1933.9000244140625,101.91999816894533
724,2023-01-25,23117.859375,4016.219970703125,1941.199951171875,101.63999938964844
725,2023-01-26,23032.77734375,4060.429931640625,1929.0999755859373,101.83999633789062
726,2023-01-27,23078.728515625,4070.56005859375,1928.5999755859373,101.93000030517578
727,2023-01-30,22840.138671875,4017.77001953125,1922.9000244140625,102.27999877929688
728,2023-01-31,23139.283203125,4076.60009765625,1929.5,102.0999984741211
729,2023-02-01,23723.76953125,4119.2099609375,1927.800048828125,101.22000122070312
730,2023-02-02,23471.87109375,4179.759765625,1916.300048828125,101.75
731,2023-02-03,23449.322265625,4136.47998046875,1862.9000244140625,102.91999816894533
732,2023-02-06,22760.109375,4111.080078125,1866.199951171875,103.62000274658205
733,2023-02-07,23264.291015625,4164.0,1871.699951171875,103.43000030517578
734,2023-02-08,22939.3984375,4117.85986328125,1877.4000244140625,103.41000366210938
735,2023-02-09,21819.0390625,4081.5,1866.199951171875,103.22000122070312
736,2023-02-10,21651.18359375,4090.4599609375,1862.800048828125,103.62999725341795
737,2023-02-13,21808.1015625,4137.2900390625,1851.9000244140625,103.3499984741211
738,2023-02-14,22220.8046875,4136.1298828125,1854.0,103.2300033569336
739,2023-02-15,24307.841796875,4147.60009765625,1834.199951171875,103.91999816894533
740,2023-02-16,23623.474609375,4090.409912109375,1842.0,103.86000061035156
741,2023-02-17,24565.6015625,4079.090087890625,1840.4000244140625,103.86000061035156
742,2023-02-21,24436.353515625,3997.340087890625,1833.0,104.18000030517578
743,2023-02-22,24188.84375,3991.050048828125,1832.0,104.58999633789062
744,2023-02-23,23947.4921875,4012.320068359375,1818.0,104.5999984741211
745,2023-02-24,23198.126953125,3970.0400390625,1808.800048828125,105.20999908447266
746,2023-02-27,23522.87109375,3982.239990234375,1817.0,104.66999816894533
747,2023-02-28,23147.353515625,3970.14990234375,1828.9000244140625,104.87000274658205
748,2023-03-01,23646.55078125,3951.389892578125,1837.699951171875,104.4800033569336
749,2023-03-02,23475.466796875,3981.35009765625,1833.5,105.02999877929688
750,2023-03-03,22362.6796875,4045.639892578125,1847.699951171875,104.5199966430664
751,2023-03-06,22429.7578125,4048.419921875,1847.9000244140625,104.3499984741211
752,2023-03-07,22219.76953125,3986.3701171875,1813.9000244140625,105.62000274658205
753,2023-03-08,21718.080078125,3992.010009765625,1812.699951171875,105.66000366210938
754,2023-03-09,20363.021484375,3918.320068359375,1829.300048828125,105.30999755859376
755,2023-03-10,20187.244140625,3861.590087890625,1862.0,104.58000183105467
756,2023-03-13,24197.533203125,3855.760009765625,1911.699951171875,103.5999984741211
757,2023-03-14,24746.07421875,3919.2900390625,1906.199951171875,103.5999984741211
758,2023-03-15,24375.9609375,3891.929931640625,1926.5999755859373,104.6500015258789
759,2023-03-16,25052.7890625,3960.280029296875,1919.0,104.41999816894533
760,2023-03-17,27423.9296875,3916.639892578125,1969.800048828125,103.70999908447266
761,2023-03-20,27767.236328125,3951.570068359375,1979.199951171875,103.27999877929688
762,2023-03-21,28175.81640625,4002.8701171875,1938.0,103.26000213623048
763,2023-03-22,27307.4375,3936.969970703125,1946.800048828125,102.3499984741211
764,2023-03-23,28333.97265625,3948.719970703125,1993.800048828125,102.52999877929688
765,2023-03-24,27493.28515625,3970.989990234375,1982.0999755859373,103.12000274658205
766,2023-03-27,27139.888671875,3977.530029296875,1952.4000244140625,102.86000061035156
767,2023-03-28,27268.130859375,3971.27001953125,1972.4000244140625,102.43000030517578
768,2023-03-29,28348.44140625,4027.81005859375,1966.0999755859373,102.63999938964844
769,2023-03-30,28033.5625,4050.830078125,1980.300048828125,102.13999938964844
770,2023-03-31,28478.484375,4109.31005859375,1969.0,102.51000213623048
771,2023-04-03,27790.220703125,4124.509765625,1983.9000244140625,102.08999633789062
772,2023-04-04,28168.08984375,4100.60009765625,2022.199951171875,101.58999633789062
773,2023-04-05,28177.984375,4090.3798828125,2020.9000244140625,101.8499984741211
774,2023-04-06,28044.140625,4105.02001953125,2011.9000244140625,101.81999969482422
775,2023-04-10,29652.98046875,4109.10986328125,1989.0999755859373,102.58000183105467
776,2023-04-11,30235.05859375,4108.93994140625,2004.800048828125,102.1999969482422
777,2023-04-12,30139.052734375,4091.949951171875,2010.9000244140625,101.5
778,2023-04-13,30399.06640625,4146.22021484375,2041.300048828125,101.01000213623048
779,2023-04-14,30485.69921875,4137.64013671875,2002.199951171875,101.5500030517578
780,2023-04-17,29445.044921875,4151.31982421875,1994.199951171875,102.0999984741211
781,2023-04-18,30397.552734375,4154.8701171875,2007.4000244140625,101.75
782,2023-04-19,28822.6796875,4154.52001953125,1995.199951171875,101.97000122070312
783,2023-04-20,28245.98828125,4129.7900390625,2007.5999755859373,101.83999633789062
784,2023-04-21,27276.91015625,4133.52001953125,1979.5,101.81999969482422
785,2023-04-24,27525.33984375,4137.0400390625,1989.0999755859373,101.3499984741211
786,2023-04-25,28307.59765625,4071.6298828125,1994.0,101.86000061035156
787,2023-04-26,28422.701171875,4055.989990234375,1985.699951171875,101.47000122070312
788,2023-04-27,29473.787109375,4135.35009765625,1989.9000244140625,101.5
789,2023-04-28,29340.26171875,4169.47998046875,1990.0999755859373,101.66999816894533
790,2023-05-01,28091.568359375,4167.8701171875,1983.4000244140625,102.1500015258789
791,2023-05-02,28680.537109375,4119.580078125,2014.300048828125,101.95999908447266
792,2023-05-03,29006.30859375,4090.75,2028.5999755859373,101.33999633789062
793,2023-05-04,28847.7109375,4061.219970703125,2048.0,101.4000015258789
