,Date,BTC_USD Close,S&P_USD Close,GOLD_USD Close,USD Close
0,2017-01-03,1043.8399658203125,2257.830078125,1160.4000244140625,103.20999908447266
1,2017-01-04,1154.72998046875,2270.75,1163.800048828125,102.69999694824219
2,2017-01-05,1013.3800048828125,2269.0,1179.699951171875,101.5199966430664
3,2017-01-06,902.2009887695312,2276.97998046875,1171.9000244140625,102.22000122070312
4,2017-01-09,902.8280029296875,2268.89990234375,1183.5,101.93000030517578
5,2017-01-10,907.6790161132812,2268.89990234375,1184.199951171875,102.01000213623047
6,2017-01-11,777.7570190429688,2275.320068359375,1195.5999755859375,101.77999877929688
7,2017-01-12,804.833984375,2270.43994140625,1198.9000244140625,101.3499984741211
8,2017-01-13,823.9840087890625,2274.639892578125,1195.300048828125,101.18000030517578
9,2017-01-17,907.93798828125,2267.889892578125,1212.0,100.33000183105469
10,2017-01-18,886.6179809570312,2271.889892578125,1211.300048828125,100.93000030517578
11,2017-01-19,899.072998046875,2263.68994140625,1200.9000244140625,101.1500015258789
12,2017-01-20,895.0260009765625,2271.31005859375,1204.300048828125,100.73999786376953
13,2017-01-23,921.0120239257812,2265.199951171875,1215.0,100.16000366210938
14,2017-01-24,892.68701171875,2280.070068359375,1210.300048828125,100.3499984741211
15,2017-01-25,901.5419921875,2298.3701171875,1197.300048828125,100.02999877929688
16,2017-01-26,917.5859985351562,2296.679931640625,1189.5,100.37999725341797
17,2017-01-27,919.75,2294.68994140625,1188.0999755859375,100.52999877929688
18,2017-01-30,920.3820190429688,2280.89990234375,1193.199951171875,100.43000030517578
19,2017-01-31,970.4030151367188,2278.8701171875,1208.5999755859375,99.51000213623047
20,2017-02-01,989.0230102539062,2279.550048828125,1205.5999755859375,99.63999938964844
21,2017-02-02,1011.7999877929688,2280.85009765625,1216.699951171875,99.8499984741211
22,2017-02-03,1029.9100341796875,2297.419921875,1218.5,99.87000274658203
23,2017-02-06,1038.1500244140625,2292.56005859375,1230.0,99.91000366210938
24,2017-02-07,1061.3499755859375,2293.080078125,1234.199951171875,100.26000213623047
25,2017-02-08,1063.0699462890625,2294.669921875,1237.5999755859375,100.27999877929688
26,2017-02-09,994.3829956054688,2307.8701171875,1235.0999755859375,100.6500015258789
27,2017-02-10,988.6740112304688,2316.10009765625,1234.4000244140625,100.80000305175781
28,2017-02-13,990.6420288085938,2328.25,1224.4000244140625,100.95999908447266
29,2017-02-14,1004.5499877929688,2337.580078125,1223.9000244140625,101.25
30,2017-02-15,1007.47998046875,2349.25,1231.699951171875,101.18000030517578
31,2017-02-16,1027.43994140625,2347.219970703125,1240.0,100.44000244140625
32,2017-02-17,1046.2099609375,2351.159912109375,1237.5999755859375,100.94999694824219
33,2017-02-21,1115.300048828125,2365.3798828125,1237.5,101.37000274658203
34,2017-02-22,1117.43994140625,2362.820068359375,1232.0,101.33000183105469
35,2017-02-23,1166.719970703125,2363.81005859375,1250.199951171875,101.05000305175781
36,2017-02-24,1173.6800537109375,2367.340087890625,1256.9000244140625,101.08999633789062
37,2017-02-27,1179.969970703125,2369.75,1257.4000244140625,101.12999725341797
38,2017-02-28,1179.969970703125,2363.639892578125,1252.5999755859375,101.12000274658203
39,2017-03-01,1222.5,2395.9599609375,1248.9000244140625,101.77999877929688
40,2017-03-02,1251.010009765625,2381.919921875,1231.9000244140625,102.19999694824219
41,2017-03-03,1274.989990234375,2383.1201171875,1225.5,101.54000091552734
42,2017-03-06,1272.8299560546875,2375.31005859375,1224.5,101.63999938964844
43,2017-03-07,1223.5400390625,2368.389892578125,1215.0999755859375,101.80999755859375
44,2017-03-08,1150.0,2362.97998046875,1208.5,102.06999969482422
45,2017-03-09,1188.489990234375,2364.8701171875,1202.4000244140625,101.8499984741211
46,2017-03-10,1116.719970703125,2372.60009765625,1200.699951171875,101.25
47,2017-03-13,1231.9200439453125,2373.469970703125,1202.4000244140625,101.37999725341797
48,2017-03-14,1240.0,2365.449951171875,1201.9000244140625,101.69999694824219
49,2017-03-15,1249.6099853515625,2385.260009765625,1200.0999755859375,100.73999786376953
50,2017-03-16,1187.81005859375,2381.3798828125,1226.5,100.2699966430664
51,2017-03-17,1100.22998046875,2378.25,1229.800048828125,100.30000305175781
52,2017-03-20,1054.22998046875,2373.469970703125,1233.5999755859375,100.41000366210938
53,2017-03-21,1120.5400390625,2344.02001953125,1246.0999755859375,99.80999755859375
54,2017-03-22,1049.1400146484375,2348.449951171875,1249.300048828125,99.68000030517578
55,2017-03-23,1038.5899658203125,2345.9599609375,1246.9000244140625,99.76000213623047
56,2017-03-24,937.52001953125,2343.97998046875,1248.199951171875,99.62999725341797
57,2017-03-27,1045.77001953125,2341.590087890625,1255.4000244140625,99.16999816894531
58,2017-03-28,1047.1500244140625,2358.570068359375,1255.300048828125,99.70999908447266
59,2017-03-29,1039.969970703125,2361.1298828125,1253.4000244140625,100.0
60,2017-03-30,1026.4300537109375,2368.06005859375,1245.0,100.41000366210938
61,2017-03-31,1071.7900390625,2362.719970703125,1247.300048828125,100.3499984741211
62,2017-04-03,1143.81005859375,2358.840087890625,1250.800048828125,100.54000091552734
63,2017-04-04,1133.25,2360.159912109375,1255.0,100.54000091552734
64,2017-04-05,1124.780029296875,2352.949951171875,1245.4000244140625,100.55999755859375
65,2017-04-06,1182.6800537109375,2357.489990234375,1250.300048828125,100.66999816894531
66,2017-04-07,1176.9000244140625,2355.5400390625,1254.300048828125,101.18000030517578
67,2017-04-10,1187.1300048828125,2357.159912109375,1251.0999755859375,101.0199966430664
68,2017-04-11,1205.010009765625,2353.780029296875,1271.199951171875,100.70999908447266
69,2017-04-12,1200.3699951171875,2344.929931640625,1275.300048828125,100.77999877929688
70,2017-04-13,1169.280029296875,2328.949951171875,1285.9000244140625,100.55999755859375
71,2017-04-17,1193.9100341796875,2349.010009765625,1289.4000244140625,100.30000305175781
72,2017-04-18,1211.6700439453125,2342.18994140625,1291.699951171875,99.5
73,2017-04-19,1210.2900390625,2338.169921875,1281.4000244140625,99.73999786376953
74,2017-04-20,1229.0799560546875,2355.840087890625,1281.9000244140625,99.77999877929688
75,2017-04-21,1222.050048828125,2348.68994140625,1287.4000244140625,99.9800033569336
76,2017-04-24,1250.1500244140625,2374.14990234375,1275.800048828125,99.08999633789062
77,2017-04-25,1265.489990234375,2388.610107421875,1265.5999755859375,98.81999969482422
78,2017-04-26,1281.0799560546875,2387.449951171875,1262.0999755859375,98.95999908447266
79,2017-04-27,1317.72998046875,2388.77001953125,1263.699951171875,99.08000183105469
80,2017-04-28,1316.47998046875,2384.199951171875,1266.0999755859375,99.05000305175781
81,2017-05-01,1421.5999755859375,2388.330078125,1253.300048828125,99.13999938964844
82,2017-05-02,1452.8199462890625,2391.169921875,1255.0999755859375,98.9800033569336
83,2017-05-03,1490.0899658203125,2388.1298828125,1246.4000244140625,99.20999908447266
84,2017-05-04,1537.6700439453125,2389.52001953125,1226.5,98.76000213623047
85,2017-05-05,1555.449951171875,2399.2900390625,1224.800048828125,98.6500015258789
86,2017-05-08,1723.3499755859375,2399.3798828125,1225.300048828125,99.1500015258789
87,2017-05-09,1755.3599853515625,2396.919921875,1214.300048828125,99.58999633789062
88,2017-05-10,1787.1300048828125,2399.6298828125,1217.300048828125,99.66999816894531
89,2017-05-11,1848.5699462890625,2394.43994140625,1222.699951171875,99.62000274658203
90,2017-05-12,1724.239990234375,2390.89990234375,1226.199951171875,99.25
91,2017-05-15,1738.4300537109375,2402.320068359375,1228.5999755859375,98.91000366210938
92,2017-05-16,1734.449951171875,2400.669921875,1235.0,98.11000061035156
93,2017-05-17,1839.0899658203125,2357.030029296875,1257.5,97.41999816894531
94,2017-05-18,1888.6500244140625,2365.719970703125,1251.699951171875,97.87999725341797
95,2017-05-19,1987.7099609375,2381.72998046875,1252.699951171875,97.1500015258789
96,2017-05-22,2173.39990234375,2394.02001953125,1260.699951171875,96.9800033569336
97,2017-05-23,2320.419921875,2398.419921875,1254.800048828125,97.3499984741211
98,2017-05-24,2443.639892578125,2404.389892578125,1252.4000244140625,97.23999786376953
99,2017-05-25,2304.97998046875,2415.070068359375,1255.800048828125,97.25
100,2017-05-26,2202.419921875,2415.820068359375,1267.5999755859375,97.4000015258789
101,2017-05-30,2175.469970703125,2412.909912109375,1262.0999755859375,97.27999877929688
102,2017-05-31,2286.409912109375,2411.800048828125,1272.0,96.91999816894531
103,2017-06-01,2407.8798828125,2430.06005859375,1267.0,97.19999694824219
104,2017-06-02,2488.550048828125,2439.070068359375,1276.800048828125,96.72000122070312
105,2017-06-05,2686.81005859375,2436.10009765625,1279.300048828125,96.80000305175781
106,2017-06-06,2863.199951171875,2429.330078125,1294.4000244140625,96.63999938964844
107,2017-06-07,2732.159912109375,2433.139892578125,1290.0999755859375,96.75
108,2017-06-08,2805.6201171875,2433.7900390625,1276.300048828125,96.91999816894531
109,2017-06-09,2823.81005859375,2431.77001953125,1268.5,97.2699966430664
110,2017-06-12,2659.6298828125,2429.389892578125,1266.0999755859375,97.13999938964844
111,2017-06-13,2717.02001953125,2440.35009765625,1265.800048828125,96.9800033569336
112,2017-06-14,2506.3701171875,2437.919921875,1272.800048828125,96.94000244140625
113,2017-06-15,2464.580078125,2432.4599609375,1252.199951171875,97.43000030517578
114,2017-06-16,2518.56005859375,2433.14990234375,1254.0,97.16000366210938
115,2017-06-19,2589.60009765625,2453.4599609375,1244.199951171875,97.52999877929688
116,2017-06-20,2721.7900390625,2437.030029296875,1241.0,97.75
117,2017-06-21,2689.10009765625,2435.610107421875,1243.4000244140625,97.55999755859375
118,2017-06-22,2705.409912109375,2434.5,1247.5999755859375,97.54000091552734
119,2017-06-23,2744.909912109375,2438.300048828125,1256.199951171875,97.30000305175781
120,2017-06-26,2478.449951171875,2439.070068359375,1246.300048828125,97.43000030517578
121,2017-06-27,2552.449951171875,2419.3798828125,1246.4000244140625,96.47000122070312
122,2017-06-28,2574.7900390625,2440.68994140625,1248.0,96.05000305175781
123,2017-06-29,2539.320068359375,2419.699951171875,1244.199951171875,95.62999725341797
124,2017-06-30,2480.840087890625,2423.409912109375,1240.699951171875,95.66000366210938
125,2017-07-03,2564.06005859375,2429.010009765625,1217.9000244140625,96.19999694824219
126,2017-07-05,2601.989990234375,2432.5400390625,1220.4000244140625,96.29000091552734
127,2017-07-06,2608.56005859375,2409.75,1222.199951171875,95.81999969482422
128,2017-07-07,2518.659912109375,2425.179931640625,1208.5999755859375,96.01000213623047
129,2017-07-10,2372.56005859375,2427.429931640625,1212.0999755859375,96.05000305175781
130,2017-07-11,2337.7900390625,2425.530029296875,1213.5999755859375,95.73999786376953
131,2017-07-12,2398.840087890625,2443.25,1218.0999755859375,95.79000091552734
132,2017-07-13,2357.89990234375,2447.830078125,1216.300048828125,95.7300033569336
133,2017-07-14,2233.340087890625,2459.27001953125,1226.5999755859375,95.11000061035156
134,2017-07-17,2228.409912109375,2459.139892578125,1232.800048828125,95.12999725341797
135,2017-07-18,2318.8798828125,2460.610107421875,1241.0999755859375,94.66000366210938
136,2017-07-19,2273.429931640625,2473.830078125,1241.199951171875,94.80000305175781
137,2017-07-20,2817.60009765625,2473.449951171875,1244.800048828125,94.2699966430664
138,2017-07-21,2667.760009765625,2472.5400390625,1254.300048828125,93.94000244140625
139,2017-07-24,2754.860107421875,2469.909912109375,1253.9000244140625,93.9800033569336
140,2017-07-25,2576.47998046875,2477.1298828125,1251.699951171875,94.05000305175781
141,2017-07-26,2529.449951171875,2477.830078125,1249.0,93.66999816894531
142,2017-07-27,2671.780029296875,2475.419921875,1259.5999755859375,93.86000061035156
143,2017-07-28,2809.010009765625,2472.10009765625,1268.4000244140625,93.26000213623047
144,2017-07-31,2875.340087890625,2470.300048828125,1266.5999755859375,92.86000061035156
145,2017-08-01,2718.260009765625,2476.35009765625,1272.5999755859375,93.02999877929688
146,2017-08-02,2710.669921875,2477.570068359375,1271.800048828125,92.83000183105469
147,2017-08-03,2804.72998046875,2472.159912109375,1267.800048828125,92.80999755859375
148,2017-08-04,2895.889892578125,2476.830078125,1258.300048828125,93.54000091552734
149,2017-08-07,3378.93994140625,2480.909912109375,1258.199951171875,93.43000030517578
150,2017-08-08,3419.93994140625,2474.919921875,1256.4000244140625,93.63999938964844
151,2017-08-09,3342.469970703125,2474.02001953125,1273.0,93.5199966430664
152,2017-08-10,3381.280029296875,2438.2099609375,1283.699951171875,93.4000015258789
153,2017-08-11,3650.6201171875,2441.320068359375,1287.699951171875,93.06999969482422
154,2017-08-14,4325.1298828125,2465.840087890625,1284.199951171875,93.45999908447266
155,2017-08-15,4181.93017578125,2464.610107421875,1273.699951171875,93.8499984741211
156,2017-08-16,4376.6298828125,2468.110107421875,1276.9000244140625,93.48999786376953
157,2017-08-17,4331.68994140625,2430.010009765625,1286.4000244140625,93.62000274658203
158,2017-08-18,4160.6201171875,2425.550048828125,1285.699951171875,93.43000030517578
159,2017-08-21,4001.739990234375,2428.3701171875,1290.800048828125,93.0999984741211
160,2017-08-22,4100.52001953125,2452.510009765625,1285.0999755859375,93.55000305175781
161,2017-08-23,4151.52001953125,2444.0400390625,1288.9000244140625,93.1500015258789
162,2017-08-24,4334.68017578125,2438.969970703125,1286.5,93.27999877929688
163,2017-08-25,4371.60009765625,2443.050048828125,1292.5,92.73999786376953
164,2017-08-28,4382.66015625,2444.239990234375,1309.699951171875,92.20999908447266
165,2017-08-29,4579.02001953125,2446.300048828125,1313.0999755859375,92.3499984741211
166,2017-08-30,4565.2998046875,2457.590087890625,1308.0999755859375,92.87999725341797
167,2017-08-31,4703.39013671875,2471.64990234375,1316.199951171875,92.66999816894531
168,2017-09-01,4892.009765625,2476.550048828125,1324.5,92.80999755859375
169,2017-09-05,4376.52978515625,2457.85009765625,1339.199951171875,92.30999755859375
170,2017-09-06,4597.1201171875,2465.5400390625,1333.9000244140625,92.29000091552734
171,2017-09-07,4599.8798828125,2465.10009765625,1345.0999755859375,91.52999877929688
172,2017-09-08,4228.75,2461.429931640625,1346.0,91.33000183105469
173,2017-09-11,4161.27001953125,2488.110107421875,1331.0,91.86000061035156
174,2017-09-12,4130.81005859375,2496.47998046875,1328.0,91.91000366210938
175,2017-09-13,3882.590087890625,2498.3701171875,1323.4000244140625,92.5199966430664
176,2017-09-14,3154.949951171875,2495.6201171875,1324.699951171875,92.12000274658203
177,2017-09-15,3637.52001953125,2500.22998046875,1320.4000244140625,91.87000274658203
178,2017-09-18,4065.199951171875,2503.8701171875,1306.300048828125,92.05000305175781
179,2017-09-19,3924.969970703125,2506.64990234375,1306.199951171875,91.79000091552734
180,2017-09-20,3905.949951171875,2508.239990234375,1312.0,92.51000213623047
181,2017-09-21,3631.0400390625,2500.60009765625,1290.5999755859375,92.26000213623047
182,2017-09-22,3630.699951171875,2502.219970703125,1293.300048828125,92.16999816894531
183,2017-09-25,3926.070068359375,2496.659912109375,1306.800048828125,92.6500015258789
184,2017-09-26,3892.35009765625,2496.840087890625,1297.0,92.97000122070312
185,2017-09-27,4200.669921875,2507.0400390625,1283.4000244140625,93.36000061035156
186,2017-09-28,4174.72998046875,2510.06005859375,1285.5,93.08999633789062
187,2017-09-29,4163.06982421875,2519.360107421875,1281.5,93.08000183105469
188,2017-10-02,4409.31982421875,2529.1201171875,1272.699951171875,93.55999755859375
189,2017-10-03,4317.47998046875,2534.580078125,1271.5,93.56999969482422
190,2017-10-04,4229.35986328125,2537.739990234375,1273.699951171875,93.45999908447266
191,2017-10-05,4328.41015625,2552.070068359375,1269.9000244140625,93.95999908447266
192,2017-10-06,4370.81005859375,2549.330078125,1271.5999755859375,93.80000305175781
193,2017-10-09,4772.02001953125,2544.72998046875,1281.800048828125,93.73999786376953
194,2017-10-10,4781.990234375,2550.639892578125,1290.5999755859375,93.29000091552734
195,2017-10-11,4826.47998046875,2555.239990234375,1285.800048828125,92.95999908447266
196,2017-10-12,5446.91015625,2550.929931640625,1293.300048828125,93.12000274658203
197,2017-10-13,5647.2099609375,2553.169921875,1301.5,93.08999633789062
198,2017-10-16,5725.58984375,2557.639892578125,1299.9000244140625,93.27999877929688
199,2017-10-17,5605.509765625,2559.360107421875,1283.0,93.48999786376953
200,2017-10-18,5590.68994140625,2561.260009765625,1279.9000244140625,93.36000061035156
201,2017-10-19,5708.52001953125,2562.10009765625,1286.9000244140625,93.2699966430664
202,2017-10-20,6011.4501953125,2575.2099609375,1277.4000244140625,93.69999694824219
203,2017-10-23,5930.31982421875,2564.97998046875,1277.699951171875,93.94000244140625
204,2017-10-24,5526.64013671875,2569.1298828125,1275.0,93.95999908447266
205,2017-10-25,5750.7998046875,2557.14990234375,1275.4000244140625,93.70999908447266
206,2017-10-26,5904.830078125,2560.39990234375,1266.300048828125,94.61000061035156
207,2017-10-27,5780.89990234375,2581.070068359375,1268.5,94.91999816894531
208,2017-10-30,6130.52978515625,2572.830078125,1274.0999755859375,94.48999786376953
209,2017-10-31,6468.39990234375,2575.260009765625,1267.0,94.55000305175781
210,2017-11-01,6767.31005859375,2579.360107421875,1274.0999755859375,94.81999969482422
211,2017-11-02,7078.5,2579.85009765625,1274.9000244140625,94.69000244140625
212,2017-11-03,7207.759765625,2587.840087890625,1266.5,94.94000244140625
213,2017-11-06,7022.759765625,2591.1298828125,1279.4000244140625,94.72000122070312
214,2017-11-07,7144.3798828125,2590.639892578125,1273.699951171875,94.91000366210938
215,2017-11-08,7459.68994140625,2594.3798828125,1281.5999755859375,94.87000274658203
216,2017-11-09,7143.580078125,2584.6201171875,1285.5999755859375,94.44000244140625
217,2017-11-10,6618.14013671875,2582.300048828125,1272.4000244140625,94.38999938964844
218,2017-11-13,6559.490234375,2584.840087890625,1277.300048828125,94.48999786376953
219,2017-11-14,6635.75,2578.8701171875,1281.5,93.83000183105469
220,2017-11-15,7315.5400390625,2564.6201171875,1276.5,93.80999755859375
221,2017-11-16,7871.68994140625,2585.639892578125,1277.4000244140625,93.93000030517578
222,2017-11-17,7708.990234375,2578.85009765625,1295.800048828125,93.66000366210938
223,2017-11-20,8200.6396484375,2582.139892578125,1274.5999755859375,94.08000183105469
224,2017-11-21,8071.259765625,2599.030029296875,1281.0999755859375,93.94999694824219
225,2017-11-22,8253.5498046875,2597.080078125,1291.5999755859375,93.22000122070312
226,2017-11-24,8253.6904296875,2602.419921875,1286.699951171875,92.76000213623047
227,2017-11-27,9818.349609375,2601.419921875,1293.800048828125,92.9000015258789
228,2017-11-28,10058.7998046875,2627.0400390625,1294.699951171875,93.26000213623047
229,2017-11-29,9888.6103515625,2626.070068359375,1282.0999755859375,93.26000213623047
230,2017-11-30,10233.599609375,2647.580078125,1273.199951171875,93.01000213623047
231,2017-12-01,10975.599609375,2642.219970703125,1278.800048828125,92.9000015258789
232,2017-12-04,11657.2001953125,2639.43994140625,1274.300048828125,93.19000244140625
233,2017-12-05,11916.7001953125,2629.570068359375,1261.5999755859375,93.37999725341797
234,2017-12-06,14291.5,2629.27001953125,1262.800048828125,93.61000061035156
235,2017-12-07,17899.69921875,2636.97998046875,1249.800048828125,93.80000305175781
236,2017-12-08,16569.400390625,2651.5,1245.199951171875,93.9000015258789
237,2017-12-11,16936.80078125,2659.989990234375,1243.699951171875,93.87000274658203
238,2017-12-12,17415.400390625,2664.110107421875,1238.5,94.0999984741211
239,2017-12-13,16408.19921875,2662.85009765625,1245.4000244140625,93.43000030517578
240,2017-12-14,16564.0,2652.010009765625,1253.800048828125,93.48999786376953
241,2017-12-15,17706.900390625,2675.81005859375,1254.300048828125,93.93000030517578
242,2017-12-18,19114.19921875,2690.159912109375,1262.199951171875,93.69999694824219
243,2017-12-19,17776.69921875,2681.469970703125,1260.699951171875,93.47000122070312
244,2017-12-20,16624.599609375,2679.25,1266.0999755859375,93.3499984741211
245,2017-12-21,15802.900390625,2684.570068359375,1267.300048828125,93.27999877929688
246,2017-12-22,13831.7998046875,2683.340087890625,1275.4000244140625,93.3499984741211
247,2017-12-26,16099.7998046875,2680.5,1284.0999755859375,93.26000213623047
248,2017-12-27,15838.5,2682.6201171875,1287.0,93.02999877929688
249,2017-12-28,14606.5,2687.5400390625,1294.0999755859375,92.5999984741211
250,2017-12-29,14656.2001953125,2673.610107421875,1306.300048828125,92.12000274658203
251,2018-01-02,14982.099609375,2695.81005859375,1313.699951171875,91.8499984741211
252,2018-01-03,15201.0,2713.06005859375,1316.199951171875,92.16000366210938
253,2018-01-04,15599.2001953125,2723.989990234375,1319.4000244140625,91.8499984741211
254,2018-01-05,17429.5,2743.14990234375,1320.300048828125,91.94999694824219
255,2018-01-08,15170.099609375,2747.7099609375,1318.5999755859375,92.33000183105469
256,2018-01-09,14595.400390625,2751.2900390625,1311.699951171875,92.52999877929688
257,2018-01-10,14973.2998046875,2748.22998046875,1317.4000244140625,92.33000183105469
258,2018-01-11,13405.7998046875,2767.56005859375,1320.5999755859375,91.8499984741211
259,2018-01-12,13980.599609375,2786.239990234375,1333.4000244140625,90.97000122070312
260,2018-01-16,11490.5,2776.419921875,1335.4000244140625,90.38999938964844
261,2018-01-17,11188.599609375,2802.56005859375,1338.0,90.54000091552734
262,2018-01-18,11474.900390625,2798.030029296875,1326.0,90.5
263,2018-01-19,11607.400390625,2810.300048828125,1331.9000244140625,90.56999969482422
264,2018-01-22,10931.400390625,2832.969970703125,1330.9000244140625,90.4000015258789
265,2018-01-23,10868.400390625,2839.1298828125,1335.699951171875,90.12000274658203
266,2018-01-24,11359.400390625,2837.5400390625,1355.9000244140625,89.20999908447266
267,2018-01-25,11259.400390625,2839.25,1362.4000244140625,89.38999938964844
268,2018-01-26,11171.400390625,2872.8701171875,1351.5999755859375,89.06999969482422
269,2018-01-30,10106.2998046875,2822.429931640625,1335.4000244140625,89.19000244140625
270,2018-01-31,10221.099609375,2823.81005859375,1339.0,89.12999725341797
271,2018-02-01,9170.5400390625,2821.97998046875,1344.300048828125,88.66999816894531
272,2018-02-02,8830.75,2762.1298828125,1333.699951171875,89.19999694824219
273,2018-02-05,6955.27001953125,2648.93994140625,1333.0,89.55000305175781
274,2018-02-06,7754.0,2695.139892578125,1326.0999755859375,89.58999633789062
275,2018-02-07,7621.2998046875,2681.659912109375,1311.5999755859375,90.26000213623047
276,2018-02-08,8265.58984375,2581.0,1316.9000244140625,90.2300033569336
277,2018-02-09,8736.98046875,2619.550048828125,1313.0999755859375,90.44000244140625
278,2018-02-12,8926.5703125,2656.0,1324.199951171875,90.20999908447266
279,2018-02-13,8598.3095703125,2662.93994140625,1328.0999755859375,89.69999694824219
280,2018-02-14,9494.6298828125,2698.6298828125,1355.5,89.12000274658203
281,2018-02-15,10166.400390625,2731.199951171875,1352.0999755859375,88.58999633789062
282,2018-02-16,10233.900390625,2732.219970703125,1353.199951171875,89.0999984741211
283,2018-02-20,11403.7001953125,2716.260009765625,1328.800048828125,89.72000122070312
284,2018-02-21,10690.400390625,2701.330078125,1330.0,90.08000183105469
285,2018-02-22,10005.0,2703.9599609375,1330.5999755859375,89.75
286,2018-02-23,10301.099609375,2747.300048828125,1328.199951171875,89.87999725341797
287,2018-02-26,10366.7001953125,2779.60009765625,1330.699951171875,89.81999969482422
288,2018-02-27,10725.599609375,2744.280029296875,1315.5,90.36000061035156
289,2018-02-28,10397.900390625,2713.830078125,1315.5,90.61000061035156
290,2018-03-01,10951.0,2677.669921875,1302.9000244140625,90.31999969482422
291,2018-03-02,11086.400390625,2691.25,1321.0999755859375,89.94000244140625
292,2018-03-05,11573.2998046875,2720.93994140625,1318.0999755859375,90.08000183105469
293,2018-03-06,10779.900390625,2728.1201171875,1333.5999755859375,89.62000274658203
294,2018-03-07,9965.5703125,2726.800048828125,1326.0,89.63999938964844
295,2018-03-08,9395.009765625,2738.969970703125,1319.9000244140625,90.12000274658203
296,2018-03-09,9337.5498046875,2786.570068359375,1322.4000244140625,90.08999633789062
297,2018-03-12,9205.1201171875,2783.02001953125,1319.4000244140625,89.9000015258789
298,2018-03-13,9194.849609375,2765.31005859375,1325.9000244140625,89.66000366210938
299,2018-03-14,8269.8095703125,2749.47998046875,1324.4000244140625,89.69999694824219
300,2018-03-15,8300.8603515625,2747.330078125,1316.800048828125,90.13999938964844
301,2018-03-16,8338.349609375,2752.010009765625,1311.300048828125,90.2300033569336
302,2018-03-19,8630.650390625,2712.919921875,1316.800048828125,89.9000015258789
303,2018-03-20,8913.4697265625,2716.93994140625,1311.0999755859375,90.37000274658203
304,2018-03-21,8929.2802734375,2711.929931640625,1320.699951171875,89.77999877929688
305,2018-03-22,8728.4697265625,2643.68994140625,1326.5999755859375,89.86000061035156
306,2018-03-23,8879.6201171875,2588.260009765625,1349.300048828125,89.44000244140625
307,2018-03-26,8209.400390625,2658.550048828125,1354.4000244140625,89.02999877929688
308,2018-03-27,7833.0400390625,2612.6201171875,1341.300048828125,89.37000274658203
309,2018-03-28,7954.47998046875,2605.0,1324.199951171875,90.05999755859375
310,2018-03-29,7165.7001953125,2640.8701171875,1322.800048828125,90.1500015258789
311,2018-04-02,7083.7998046875,2581.8798828125,1342.0999755859375,90.05000305175781
312,2018-04-03,7456.10986328125,2614.449951171875,1332.800048828125,90.19999694824219
313,2018-04-04,6853.83984375,2644.68994140625,1335.800048828125,90.13999938964844
314,2018-04-05,6811.47021484375,2662.840087890625,1324.300048828125,90.45999908447266
315,2018-04-06,6636.31982421875,2604.469970703125,1331.9000244140625,90.11000061035156
316,2018-04-09,6770.72998046875,2613.159912109375,1336.300048828125,89.83999633789062
317,2018-04-10,6834.759765625,2656.8701171875,1342.0,89.58999633789062
318,2018-04-11,6968.31982421875,2642.18994140625,1356.5,89.56999969482422
319,2018-04-12,7889.25,2663.989990234375,1338.4000244140625,89.75
320,2018-04-13,7895.9599609375,2656.300048828125,1344.800048828125,89.80000305175781
321,2018-04-16,8058.669921875,2677.840087890625,1347.5,89.43000030517578
322,2018-04-17,7902.08984375,2706.389892578125,1347.199951171875,89.5199966430664
323,2018-04-18,8163.419921875,2708.639892578125,1351.199951171875,89.62000274658203
324,2018-04-19,8294.3095703125,2693.1298828125,1346.800048828125,89.94000244140625
325,2018-04-20,8845.830078125,2670.139892578125,1336.699951171875,90.31999969482422
326,2018-04-23,8930.8798828125,2670.2900390625,1322.5,90.94000244140625
327,2018-04-24,9697.5,2634.56005859375,1331.4000244140625,90.7699966430664
328,2018-04-25,8845.740234375,2639.39990234375,1321.199951171875,91.16999816894531
329,2018-04-26,9281.509765625,2666.93994140625,1316.300048828125,91.55999755859375
330,2018-04-27,8987.0498046875,2669.909912109375,1320.300048828125,91.54000091552734
331,2018-04-30,9240.5498046875,2648.050048828125,1316.199951171875,91.83999633789062
332,2018-05-01,9119.009765625,2654.800048828125,1303.800048828125,92.44999694824219
333,2018-05-02,9235.919921875,2635.669921875,1302.5999755859375,92.51000213623047
334,2018-05-03,9743.8603515625,2629.72998046875,1310.699951171875,92.41000366210938
335,2018-05-04,9700.759765625,2663.419921875,1312.699951171875,92.56999969482422
336,2018-05-07,9373.009765625,2672.6298828125,1312.199951171875,92.75
337,2018-05-08,9234.8203125,2671.919921875,1312.0,93.12000274658203
338,2018-05-09,9325.1796875,2697.7900390625,1311.300048828125,93.04000091552734
339,2018-05-10,9043.9404296875,2723.070068359375,1320.800048828125,92.6500015258789
340,2018-05-11,8441.490234375,2727.719970703125,1319.0,92.54000091552734
341,2018-05-14,8716.7900390625,2730.1298828125,1316.5,92.58999633789062
342,2018-05-15,8510.3798828125,2711.449951171875,1288.9000244140625,93.22000122070312
343,2018-05-16,8368.830078125,2722.4599609375,1290.199951171875,93.38999938964844
344,2018-05-17,8094.31982421875,2720.1298828125,1288.199951171875,93.47000122070312
345,2018-05-18,8250.9697265625,2712.969970703125,1290.199951171875,93.63999938964844
346,2018-05-21,8418.990234375,2733.010009765625,1290.199951171875,93.68000030517578
347,2018-05-22,8041.77978515625,2724.43994140625,1291.699951171875,93.61000061035156
348,2018-05-23,7557.81982421875,2733.2900390625,1289.300048828125,94.01000213623047
349,2018-05-24,7587.33984375,2727.760009765625,1303.699951171875,93.77999877929688
350,2018-05-25,7480.14013671875,2721.330078125,1303.300048828125,94.19000244140625
351,2018-05-29,7472.58984375,2689.860107421875,1298.699951171875,94.83000183105469
352,2018-05-30,7406.52001953125,2724.010009765625,1301.5,94.1500015258789
353,2018-05-31,7494.169921875,2705.27001953125,1300.0999755859375,93.98999786376953
354,2018-06-01,7541.4501953125,2734.6201171875,1294.800048828125,94.19000244140625
355,2018-06-04,7514.47021484375,2746.8701171875,1293.0999755859375,94.0199966430664
356,2018-06-05,7633.759765625,2748.800048828125,1297.5,93.88999938964844
357,2018-06-06,7653.97998046875,2772.35009765625,1297.0999755859375,93.66000366210938
358,2018-06-07,7678.240234375,2770.3701171875,1298.699951171875,93.4000015258789
359,2018-06-08,7624.919921875,2779.030029296875,1298.0999755859375,93.55000305175781
360,2018-06-11,6906.919921875,2782.0,1298.9000244140625,93.58000183105469
361,2018-06-12,6582.35986328125,2786.85009765625,1295.0999755859375,93.80000305175781
362,2018-06-13,6349.89990234375,2775.6298828125,1296.9000244140625,93.70999908447266
363,2018-06-14,6675.35009765625,2782.489990234375,1304.0,94.7699966430664
364,2018-06-15,6456.580078125,2779.659912109375,1274.5999755859375,94.79000091552734
365,2018-06-18,6734.81982421875,2773.75,1276.199951171875,94.75
366,2018-06-19,6769.93994140625,2762.590087890625,1275.5999755859375,95.08999633789062
367,2018-06-20,6776.5498046875,2767.320068359375,1271.199951171875,95.05999755859375
368,2018-06-21,6729.740234375,2749.760009765625,1267.199951171875,94.87000274658203
369,2018-06-22,6083.68994140625,2754.8798828125,1267.4000244140625,94.5199966430664
370,2018-06-25,6249.18017578125,2717.070068359375,1265.5999755859375,94.27999877929688
371,2018-06-26,6093.669921875,2723.06005859375,1256.5999755859375,94.68000030517578
372,2018-06-27,6157.1298828125,2699.6298828125,1252.800048828125,95.29000091552734
373,2018-06-28,5903.43994140625,2716.31005859375,1247.800048828125,95.38999938964844
374,2018-06-29,6218.2998046875,2718.3701171875,1251.300048828125,94.62999725341797
375,2018-07-02,6614.18017578125,2726.7099609375,1239.800048828125,94.87000274658203
376,2018-07-03,6529.58984375,2713.219970703125,1251.5999755859375,94.58999633789062
377,2018-07-05,6639.14013671875,2736.610107421875,1257.300048828125,94.47000122070312
378,2018-07-06,6673.5,2759.820068359375,1254.300048828125,94.04000091552734
379,2018-07-09,6741.75,2784.169921875,1258.0999755859375,94.08000183105469
380,2018-07-10,6329.9501953125,2793.840087890625,1253.800048828125,94.11000061035156
381,2018-07-11,6394.7099609375,2774.02001953125,1242.800048828125,94.72000122070312
382,2018-07-12,6228.81005859375,2798.2900390625,1245.0,94.80999755859375
383,2018-07-13,6238.0498046875,2801.31005859375,1239.5999755859375,94.75
384,2018-07-16,6741.75,2798.429931640625,1238.0999755859375,94.51000213623047
385,2018-07-17,7321.0400390625,2809.550048828125,1225.699951171875,94.97000122070312
386,2018-07-18,7370.77978515625,2815.6201171875,1226.300048828125,95.08000183105469
387,2018-07-19,7466.85986328125,2804.489990234375,1222.4000244140625,95.16999816894531
388,2018-07-20,7354.1298828125,2801.830078125,1229.5,94.45999908447266
389,2018-07-23,7711.10986328125,2806.97998046875,1224.0,94.66999816894531
390,2018-07-24,8424.26953125,2820.39990234375,1223.9000244140625,94.61000061035156
391,2018-07-25,8181.39013671875,2846.070068359375,1231.4000244140625,94.36000061035156
392,2018-07-26,7951.580078125,2837.43994140625,1225.300048828125,94.75
393,2018-07-27,8165.009765625,2818.820068359375,1222.5999755859375,94.68000030517578
394,2018-07-30,8180.47998046875,2802.60009765625,1221.300048828125,94.36000061035156
395,2018-07-31,7780.43994140625,2816.2900390625,1223.699951171875,94.48999786376953
396,2018-08-01,7624.91015625,2813.360107421875,1217.9000244140625,94.62000274658203
397,2018-08-02,7567.14990234375,2827.219970703125,1210.5999755859375,95.16999816894531
398,2018-08-03,7434.39013671875,2840.35009765625,1214.199951171875,95.13999938964844
399,2018-08-06,6951.7998046875,2850.39990234375,1208.5999755859375,95.36000061035156
400,2018-08-07,6753.1201171875,2858.449951171875,1209.5999755859375,95.22000122070312
401,2018-08-08,6305.7998046875,2857.699951171875,1212.5999755859375,95.0999984741211
402,2018-08-09,6568.22998046875,2853.580078125,1211.9000244140625,95.5
403,2018-08-10,6184.7099609375,2833.280029296875,1211.0999755859375,96.36000061035156
404,2018-08-13,6297.56982421875,2821.929931640625,1191.300048828125,96.38999938964844
405,2018-08-14,6199.7099609375,2839.9599609375,1193.0,96.7300033569336
406,2018-08-15,6308.52001953125,2818.3701171875,1177.5,96.69999694824219
407,2018-08-16,6334.72998046875,2840.68994140625,1176.199951171875,96.6500015258789
408,2018-08-17,6580.6298828125,2850.1298828125,1176.5,96.0999984741211
409,2018-08-20,6308.52978515625,2857.050048828125,1186.800048828125,95.9000015258789
410,2018-08-21,6488.759765625,2862.9599609375,1192.5999755859375,95.26000213623047
411,2018-08-22,6376.7099609375,2861.820068359375,1196.300048828125,95.1500015258789
412,2018-08-23,6534.8798828125,2856.97998046875,1187.0,95.62000274658203
413,2018-08-24,6719.9599609375,2874.68994140625,1206.300048828125,95.1500015258789
414,2018-08-27,6884.64013671875,2896.739990234375,1209.0,94.77999877929688
415,2018-08-28,7096.27978515625,2897.52001953125,1207.4000244140625,94.72000122070312
416,2018-08-29,7047.16015625,2914.0400390625,1204.5,94.5999984741211
417,2018-08-30,6978.22998046875,2901.1298828125,1197.699951171875,94.72000122070312
418,2018-08-31,7037.580078125,2901.52001953125,1200.300048828125,95.13999938964844
419,2018-09-04,7361.66015625,2896.719970703125,1192.699951171875,95.41999816894531
420,2018-09-05,6792.830078125,2888.60009765625,1194.9000244140625,95.12999725341797
421,2018-09-06,6529.169921875,2878.050048828125,1197.9000244140625,95.0199966430664
422,2018-09-07,6467.06982421875,2871.679931640625,1193.5999755859375,95.37000274658203
423,2018-09-10,6329.7001953125,2877.1298828125,1193.0,95.1500015258789
424,2018-09-11,6321.2001953125,2887.889892578125,1195.4000244140625,95.05999755859375
425,2018-09-12,6351.7998046875,2888.919921875,1204.699951171875,94.80000305175781
426,2018-09-13,6517.31005859375,2904.179931640625,1202.0,94.54000091552734
427,2018-09-14,6512.7099609375,2904.97998046875,1195.0,94.9800033569336
428,2018-09-17,6281.2001953125,2888.800048828125,1199.699951171875,94.51000213623047
429,2018-09-18,6371.2998046875,2904.31005859375,1196.800048828125,94.62000274658203
430,2018-09-19,6398.5400390625,2907.949951171875,1202.199951171875,94.55000305175781
431,2018-09-20,6519.669921875,2930.75,1206.199951171875,93.91000366210938
432,2018-09-21,6734.9501953125,2929.669921875,1196.199951171875,94.22000122070312
433,2018-09-24,6595.41015625,2919.3701171875,1199.300048828125,94.26000213623047
434,2018-09-25,6446.47021484375,2915.56005859375,1200.0,94.12999725341797
435,2018-09-26,6495.0,2905.969970703125,1194.0,94.19000244140625
436,2018-09-27,6676.75,2914.0,1182.300048828125,95.0
437,2018-09-28,6644.1298828125,2913.97998046875,1191.5,95.19000244140625
438,2018-10-01,6589.6201171875,2924.590087890625,1187.0999755859375,95.30000305175781
439,2018-10-02,6556.10009765625,2923.429931640625,1202.4000244140625,95.51000213623047
440,2018-10-03,6502.58984375,2925.510009765625,1198.300048828125,95.76000213623047
441,2018-10-04,6576.68994140625,2901.610107421875,1197.199951171875,95.75
442,2018-10-05,6622.47998046875,2885.570068359375,1201.199951171875,95.62000274658203
443,2018-10-08,6652.22998046875,2884.429931640625,1184.4000244140625,95.7699966430664
444,2018-10-09,6642.64013671875,2880.340087890625,1187.199951171875,95.68000030517578
445,2018-10-10,6585.52978515625,2785.679931640625,1189.300048828125,95.51000213623047
446,2018-10-11,6256.240234375,2728.3701171875,1223.5,95.0199966430664
447,2018-10-12,6274.580078125,2767.1298828125,1218.0999755859375,95.22000122070312
448,2018-10-15,6596.5400390625,2750.7900390625,1226.4000244140625,95.06999969482422
449,2018-10-16,6596.10986328125,2809.919921875,1227.300048828125,95.05000305175781
450,2018-10-17,6544.43017578125,2809.2099609375,1223.699951171875,95.58000183105469
451,2018-10-18,6476.7099609375,2768.780029296875,1226.5,95.9000015258789
452,2018-10-19,6465.41015625,2767.780029296875,1225.300048828125,95.70999908447266
453,2018-10-22,6487.16015625,2755.8798828125,1221.199951171875,96.01000213623047
454,2018-10-23,6475.740234375,2740.68994140625,1233.4000244140625,95.95999908447266
455,2018-10-24,6495.83984375,2656.10009765625,1227.800048828125,96.43000030517578
456,2018-10-25,6476.2900390625,2705.570068359375,1229.0999755859375,96.68000030517578
457,2018-10-26,6474.75,2658.68994140625,1232.5,96.36000061035156
458,2018-10-29,6332.6298828125,2641.25,1224.5,96.58000183105469
459,2018-10-30,6334.27001953125,2682.6298828125,1222.5999755859375,97.01000213623047
460,2018-10-31,6317.60986328125,2711.739990234375,1212.300048828125,97.12999725341797
461,2018-11-01,6377.77978515625,2740.3701171875,1236.0,96.27999877929688
462,2018-11-02,6388.43994140625,2723.06005859375,1230.9000244140625,96.54000091552734
463,2018-11-05,6419.66015625,2738.31005859375,1229.800048828125,96.3499984741211
464,2018-11-06,6461.009765625,2755.449951171875,1223.800048828125,96.31999969482422
465,2018-11-07,6530.14013671875,2813.889892578125,1226.199951171875,96.0
466,2018-11-08,6453.72021484375,2806.830078125,1222.9000244140625,96.63999938964844
467,2018-11-09,6385.6201171875,2781.010009765625,1206.4000244140625,96.91000366210938
468,2018-11-12,6371.27001953125,2726.219970703125,1201.300048828125,97.54000091552734
469,2018-11-13,6359.490234375,2722.179931640625,1199.199951171875,97.30000305175781
470,2018-11-14,5738.35009765625,2701.580078125,1207.9000244140625,96.80000305175781
471,2018-11-15,5648.02978515625,2730.199951171875,1212.800048828125,96.93000030517578
472,2018-11-16,5575.5498046875,2736.27001953125,1220.800048828125,96.47000122070312
473,2018-11-19,4871.490234375,2690.72998046875,1223.0999755859375,96.19000244140625
474,2018-11-20,4451.8701171875,2641.889892578125,1219.0,96.80999755859375
475,2018-11-21,4602.169921875,2649.929931640625,1225.800048828125,96.70999908447266
476,2018-11-23,4347.10986328125,2632.56005859375,1221.0,96.91999816894531
477,2018-11-26,3779.1298828125,2673.449951171875,1220.199951171875,97.06999969482422
478,2018-11-27,3820.719970703125,2682.169921875,1211.199951171875,97.37000274658203
479,2018-11-28,4257.419921875,2743.7900390625,1221.4000244140625,96.79000091552734
480,2018-11-29,4278.8466796875,2737.800048828125,1224.0999755859375,96.77999877929688
481,2018-11-30,4017.2685546875,2760.169921875,1220.199951171875,97.2699966430664
482,2018-12-03,3894.130859375,2790.3701171875,1233.9000244140625,97.04000091552734
483,2018-12-04,3956.893798828125,2700.06005859375,1241.0999755859375,96.97000122070312
484,2018-12-06,3521.101806640625,2695.949951171875,1238.0999755859375,96.80999755859375
485,2018-12-07,3419.937255859375,2633.080078125,1246.800048828125,96.51000213623047
486,2018-12-10,3502.656005859375,2637.719970703125,1243.699951171875,97.22000122070312
487,2018-12-11,3424.588134765625,2636.780029296875,1241.9000244140625,97.38999938964844
488,2018-12-12,3486.9501953125,2651.070068359375,1244.4000244140625,97.04000091552734
489,2018-12-13,3313.67724609375,2650.5400390625,1242.699951171875,97.05999755859375
490,2018-12-14,3242.48486328125,2599.949951171875,1237.0,97.44000244140625
491,2018-12-17,3545.86474609375,2545.93994140625,1247.4000244140625,97.0999984741211
492,2018-12-18,3696.05908203125,2546.159912109375,1249.199951171875,97.13999938964844
493,2018-12-19,3745.95068359375,2506.9599609375,1252.0999755859375,97.04000091552734
494,2018-12-20,4134.44140625,2467.419921875,1263.5999755859375,96.27999877929688
495,2018-12-21,3896.543701171875,2416.6201171875,1253.800048828125,96.95999908447266
496,2018-12-24,4078.59912109375,2351.10009765625,1267.5,96.55000305175781
497,2018-12-26,3857.297607421875,2467.699951171875,1269.199951171875,97.05000305175781
498,2018-12-27,3654.83349609375,2488.830078125,1277.300048828125,96.4800033569336
499,2018-12-28,3923.918701171875,2485.739990234375,1279.9000244140625,96.38999938964844
500,2018-12-31,3742.700439453125,2506.85009765625,1278.300048828125,96.16999816894531
501,2019-01-02,3943.409423828125,2510.030029296875,1281.0,96.81999969482422
502,2019-01-03,3836.7412109375,2447.889892578125,1291.800048828125,96.30999755859375
503,2019-01-04,3857.717529296875,2531.93994140625,1282.699951171875,96.19000244140625
504,2019-01-07,4025.248291015625,2549.68994140625,1286.800048828125,95.70999908447266
505,2019-01-08,4030.847900390625,2574.409912109375,1283.199951171875,95.9000015258789
506,2019-01-09,4035.29638671875,2584.9599609375,1289.300048828125,95.22000122070312
507,2019-01-10,3678.924560546875,2596.639892578125,1284.699951171875,95.54000091552734
508,2019-01-11,3687.365478515625,2596.260009765625,1287.0999755859375,95.66999816894531
509,2019-01-14,3706.05224609375,2582.610107421875,1289.0999755859375,95.58999633789062
510,2019-01-15,3630.67529296875,2610.300048828125,1286.199951171875,95.97000122070312
511,2019-01-16,3655.0068359375,2616.10009765625,1291.5999755859375,96.05999755859375
512,2019-01-17,3678.56396484375,2635.9599609375,1291.0,96.06999969482422
513,2019-01-18,3657.83935546875,2670.7099609375,1281.300048828125,96.33999633789062
514,2019-01-22,3604.5771484375,2632.89990234375,1282.5,96.30000305175781
515,2019-01-23,3585.123046875,2638.699951171875,1283.0999755859375,96.12000274658203
516,2019-01-24,3600.865478515625,2642.330078125,1279.0999755859375,96.5999984741211
517,2019-01-25,3599.765869140625,2664.760009765625,1297.4000244140625,95.79000091552734
518,2019-01-28,3470.450439453125,2643.85009765625,1302.4000244140625,95.75
519,2019-01-29,3448.116943359375,2640.0,1308.199951171875,95.81999969482422
520,2019-01-30,3486.181640625,2681.050048828125,1309.9000244140625,95.33999633789062
521,2019-01-31,3457.792724609375,2704.10009765625,1319.699951171875,95.58000183105469
522,2019-02-01,3487.9453125,2706.530029296875,1316.9000244140625,95.58000183105469
523,2019-02-04,3459.154052734375,2724.8701171875,1314.300048828125,95.8499984741211
524,2019-02-05,3466.357421875,2737.699951171875,1314.199951171875,96.0999984741211
525,2019-02-06,3413.767822265625,2731.610107421875,1309.5,96.41999816894531
526,2019-02-07,3399.4716796875,2706.050048828125,1309.4000244140625,96.51000213623047
527,2019-02-08,3666.7802734375,2707.8798828125,1313.699951171875,96.63999938964844
528,2019-02-11,3648.4306640625,2709.800048828125,1307.0,97.05999755859375
529,2019-02-12,3653.528564453125,2744.72998046875,1309.199951171875,96.70999908447266
530,2019-02-13,3632.070556640625,2753.030029296875,1310.800048828125,97.12999725341797
531,2019-02-14,3616.880859375,2745.72998046875,1309.800048828125,96.9800033569336
532,2019-02-15,3620.810791015625,2775.60009765625,1318.0999755859375,96.91999816894531
533,2019-02-19,3947.094482421875,2779.760009765625,1340.0999755859375,96.5199966430664
534,2019-02-20,3999.820556640625,2784.699951171875,1343.300048828125,96.44999694824219
535,2019-02-21,3954.1181640625,2774.8798828125,1323.5,96.61000061035156
536,2019-02-22,4005.526611328125,2792.669921875,1329.199951171875,96.51000213623047
537,2019-02-25,3882.6962890625,2796.110107421875,1325.9000244140625,96.41000366210938
538,2019-02-26,3854.35791015625,2793.89990234375,1325.0999755859375,96.0
539,2019-02-27,3851.04736328125,2792.3798828125,1317.699951171875,96.1500015258789
540,2019-02-28,3854.785400390625,2784.489990234375,1312.800048828125,96.16000366210938
541,2019-03-01,3859.583740234375,2803.68994140625,1296.4000244140625,96.52999877929688
542,2019-03-04,3761.55712890625,2792.81005859375,1284.800048828125,96.68000030517578
543,2019-03-05,3896.375,2789.64990234375,1282.0,96.8499984741211
544,2019-03-06,3903.942626953125,2771.449951171875,1284.9000244140625,96.87000274658203
545,2019-03-07,3911.484375,2748.929931640625,1283.800048828125,97.66999816894531
546,2019-03-08,3901.131591796875,2743.070068359375,1297.0,97.37000274658203
547,2019-03-11,3905.227294921875,2783.300048828125,1288.800048828125,97.22000122070312
548,2019-03-12,3909.15625,2791.52001953125,1296.300048828125,96.94000244140625
549,2019-03-13,3906.71728515625,2810.919921875,1307.5,96.55000305175781
550,2019-03-14,3924.369140625,2808.47998046875,1293.4000244140625,96.79000091552734
551,2019-03-15,3960.9111328125,2822.47998046875,1301.800048828125,96.5999984741211
552,2019-03-18,4032.50732421875,2832.93994140625,1300.300048828125,96.5199966430664
553,2019-03-19,4071.190185546875,2832.570068359375,1305.0,96.37999725341797
554,2019-03-20,4087.476318359375,2824.22998046875,1300.5,95.76000213623047
555,2019-03-21,4029.326904296875,2854.8798828125,1306.0999755859375,96.5
556,2019-03-22,4023.96826171875,2800.7099609375,1311.5999755859375,96.6500015258789
557,2019-03-25,3963.070556640625,2798.360107421875,1321.9000244140625,96.56999969482422
558,2019-03-26,3985.080810546875,2818.4599609375,1314.300048828125,96.73999786376953
559,2019-03-27,4087.066162109375,2805.3701171875,1309.9000244140625,96.7699966430664
560,2019-03-28,4069.107177734375,2815.43994140625,1289.800048828125,97.19999694824219
561,2019-03-29,4098.37451171875,2834.39990234375,1293.0,97.27999877929688
562,2019-04-01,4158.18310546875,2867.18994140625,1288.4000244140625,97.25
563,2019-04-02,4879.8779296875,2867.239990234375,1290.0,97.36000061035156
564,2019-04-03,4973.02197265625,2873.39990234375,1289.9000244140625,97.08999633789062
565,2019-04-04,4922.798828125,2879.389892578125,1289.0,97.30999755859375
566,2019-04-05,5036.68115234375,2892.739990234375,1290.4000244140625,97.4000015258789
567,2019-04-08,5289.77099609375,2895.77001953125,1297.0999755859375,97.05000305175781
568,2019-04-09,5204.95849609375,2878.199951171875,1303.5,97.01000213623047
569,2019-04-10,5324.5517578125,2888.2099609375,1309.0999755859375,96.94999694824219
570,2019-04-11,5064.48779296875,2888.320068359375,1288.5999755859375,97.18000030517578
571,2019-04-12,5089.5390625,2907.409912109375,1290.5999755859375,96.97000122070312
572,2019-04-15,5067.1083984375,2905.580078125,1286.800048828125,96.94000244140625
573,2019-04-16,5235.5595703125,2907.06005859375,1272.5999755859375,97.04000091552734
574,2019-04-17,5251.93798828125,2900.449951171875,1272.199951171875,97.01000213623047
575,2019-04-18,5298.3857421875,2905.030029296875,1271.9000244140625,97.47000122070312
576,2019-04-22,5399.365234375,2907.969970703125,1273.5,97.27999877929688
577,2019-04-23,5572.3623046875,2933.679931640625,1269.300048828125,97.56999969482422
578,2019-04-24,5464.86669921875,2927.25,1275.5,98.0999984741211
579,2019-04-25,5210.515625,2926.169921875,1275.800048828125,98.19999694824219
580,2019-04-26,5279.34814453125,2939.8798828125,1284.9000244140625,98.01000213623047
581,2019-04-29,5247.3525390625,2943.030029296875,1278.5999755859375,97.86000061035156
582,2019-04-30,5350.7265625,2945.830078125,1282.800048828125,97.4800033569336
583,2019-05-01,5402.697265625,2923.72998046875,1281.4000244140625,97.69000244140625
584,2019-05-02,5505.28369140625,2917.52001953125,1269.699951171875,97.83000183105469
585,2019-05-03,5768.28955078125,2945.639892578125,1279.199951171875,97.5199966430664
586,2019-05-06,5746.80712890625,2932.469970703125,1281.699951171875,97.5199966430664
587,2019-05-07,5829.50146484375,2884.050048828125,1283.5,97.62999725341797
588,2019-05-08,5982.45751953125,2879.419921875,1279.4000244140625,97.62000274658203
589,2019-05-09,6174.52880859375,2870.719970703125,1283.5,97.37000274658203
590,2019-05-10,6378.84912109375,2881.39990234375,1285.699951171875,97.33000183105469
591,2019-05-13,7814.9150390625,2811.8701171875,1300.0999755859375,97.31999969482422
592,2019-05-14,7994.416015625,2834.409912109375,1294.699951171875,97.52999877929688
593,2019-05-15,8205.16796875,2850.9599609375,1296.300048828125,97.56999969482422
594,2019-05-16,7884.9091796875,2876.320068359375,1285.0,97.83999633789062
595,2019-05-17,7343.8955078125,2859.530029296875,1274.5,98.0
596,2019-05-20,7978.30908203125,2840.22998046875,1276.0999755859375,97.93000030517578
597,2019-05-21,7963.32763671875,2864.360107421875,1272.0,98.05999755859375
598,2019-05-22,7680.06640625,2856.27001953125,1273.5999755859375,98.11000061035156
599,2019-05-23,7881.8466796875,2822.239990234375,1284.800048828125,97.8499984741211
600,2019-05-24,7987.37158203125,2826.06005859375,1283.0,97.61000061035156
601,2019-05-28,8719.9619140625,2802.389892578125,1276.5,97.95999908447266
602,2019-05-29,8659.4873046875,2783.02001953125,1280.5999755859375,98.13999938964844
603,2019-05-30,8319.47265625,2788.860107421875,1287.0999755859375,98.13999938964844
604,2019-05-31,8574.501953125,2752.06005859375,1305.800048828125,97.75
605,2019-06-03,8208.9951171875,2744.449951171875,1322.699951171875,97.13999938964844
606,2019-06-04,7707.77099609375,2803.27001953125,1323.4000244140625,97.06999969482422
607,2019-06-05,7824.2314453125,2826.14990234375,1328.300048828125,97.37000274658203
608,2019-06-06,7822.0234375,2843.489990234375,1337.5999755859375,97.02999877929688
609,2019-06-07,8043.951171875,2873.340087890625,1341.199951171875,96.61000061035156
610,2019-06-10,8000.32958984375,2886.72998046875,1324.699951171875,96.76000213623047
611,2019-06-11,7927.71435546875,2885.719970703125,1326.4000244140625,96.69000244140625
612,2019-06-12,8145.857421875,2879.840087890625,1331.9000244140625,97.0
613,2019-06-13,8230.923828125,2891.639892578125,1339.199951171875,97.01000213623047
614,2019-06-14,8693.8330078125,2886.97998046875,1340.0999755859375,97.56999969482422
615,2019-06-17,9320.3525390625,2889.669921875,1338.699951171875,97.55999755859375
616,2019-06-18,9081.7626953125,2917.75,1346.5999755859375,97.63999938964844
617,2019-06-19,9273.521484375,2926.4599609375,1344.5999755859375,97.12000274658203
618,2019-06-20,9527.16015625,2954.179931640625,1392.9000244140625,96.62999725341797
619,2019-06-21,10144.556640625,2950.4599609375,1396.199951171875,96.22000122070312
620,2019-06-24,11011.1025390625,2945.35009765625,1414.300048828125,95.9800033569336
621,2019-06-25,11790.9169921875,2917.3798828125,1414.9000244140625,96.16000366210938
622,2019-06-26,13016.2314453125,2913.780029296875,1411.5999755859375,96.20999908447266
623,2019-06-27,11182.806640625,2924.919921875,1408.4000244140625,96.19000244140625
624,2019-06-28,12407.33203125,2941.760009765625,1409.699951171875,96.12999725341797
625,2019-07-01,10583.134765625,2964.330078125,1385.5999755859375,96.83999633789062
626,2019-07-02,10801.677734375,2973.010009765625,1404.5999755859375,96.7300033569336
627,2019-07-03,11961.26953125,2995.820068359375,1417.699951171875,96.7699966430664
628,2019-07-05,10978.4599609375,2990.409912109375,1396.699951171875,97.25
629,2019-07-08,12285.9580078125,2975.949951171875,1397.0,97.37999725341797
630,2019-07-09,12573.8125,2979.6298828125,1397.5,97.48999786376953
631,2019-07-10,12156.5126953125,2993.070068359375,1410.0999755859375,97.0999984741211
632,2019-07-11,11358.662109375,2999.909912109375,1404.300048828125,97.05000305175781
633,2019-07-12,11815.986328125,3013.77001953125,1409.9000244140625,96.80999755859375
634,2019-07-15,10895.08984375,3014.300048828125,1411.4000244140625,96.93000030517578
635,2019-07-16,9477.6416015625,3004.0400390625,1409.199951171875,97.4000015258789
636,2019-07-17,9693.802734375,2984.419921875,1421.300048828125,97.22000122070312
637,2019-07-18,10666.482421875,2995.110107421875,1426.0999755859375,96.79000091552734
638,2019-07-19,10530.732421875,2976.610107421875,1425.0999755859375,97.1500015258789
639,2019-07-22,10343.1064453125,2985.030029296875,1425.300048828125,97.26000213623047
640,2019-07-23,9900.767578125,3005.469970703125,1420.0999755859375,97.70999908447266
641,2019-07-24,9811.92578125,3019.56005859375,1422.800048828125,97.7300033569336
642,2019-07-25,9911.841796875,3003.669921875,1413.9000244140625,97.81999969482422
643,2019-07-26,9870.3037109375,3025.860107421875,1418.5,98.01000213623047
644,2019-07-29,9519.1455078125,3020.969970703125,1419.5999755859375,98.04000091552734
645,2019-07-30,9607.423828125,3013.179931640625,1429.699951171875,98.05000305175781
646,2019-07-31,10085.6279296875,2980.3798828125,1426.0999755859375,98.5199966430664
647,2019-08-01,10399.6689453125,2953.56005859375,1420.9000244140625,98.38999938964844
648,2019-08-02,10518.1748046875,2932.050048828125,1445.5999755859375,98.0999984741211
649,2019-08-05,11805.6533203125,2844.739990234375,1464.5999755859375,97.5
650,2019-08-06,11478.1689453125,2881.77001953125,1472.4000244140625,97.62999725341797
651,2019-08-07,11941.96875,2883.97998046875,1507.300048828125,97.54000091552734
652,2019-08-08,11966.4072265625,2938.090087890625,1497.699951171875,97.62000274658203
653,2019-08-09,11862.9365234375,2918.64990234375,1496.5999755859375,97.48999786376953
654,2019-08-12,11382.6162109375,2882.699951171875,1505.300048828125,97.37999725341797
655,2019-08-13,10895.830078125,2926.320068359375,1502.199951171875,97.80999755859375
656,2019-08-14,10051.7041015625,2840.60009765625,1515.9000244140625,97.98999786376953
657,2019-08-15,10311.5458984375,2847.60009765625,1519.5999755859375,98.13999938964844
658,2019-08-16,10374.3388671875,2888.679931640625,1512.5,98.13999938964844
659,2019-08-19,10916.0537109375,2923.64990234375,1500.4000244140625,98.3499984741211
660,2019-08-20,10763.232421875,2900.510009765625,1504.5999755859375,98.19000244140625
661,2019-08-21,10138.0498046875,2924.429931640625,1504.5999755859375,98.30000305175781
662,2019-08-22,10131.0556640625,2922.949951171875,1497.300048828125,98.16999816894531
663,2019-08-23,10407.96484375,2847.110107421875,1526.5999755859375,97.63999938964844
664,2019-08-26,10370.8203125,2878.3798828125,1526.300048828125,98.08000183105469
665,2019-08-27,10185.5,2869.159912109375,1541.0,98.0
666,2019-08-28,9754.4228515625,2887.93994140625,1537.800048828125,98.20999908447266
667,2019-08-29,9510.2001953125,2924.580078125,1526.5,98.51000213623047
668,2019-08-30,9598.173828125,2926.4599609375,1519.0999755859375,98.91999816894531
669,2019-09-03,10623.5400390625,2906.27001953125,1545.9000244140625,98.94999694824219
670,2019-09-04,10594.4931640625,2937.780029296875,1550.300048828125,98.44999694824219
671,2019-09-05,10575.533203125,2976.0,1515.4000244140625,98.41000366210938
672,2019-09-06,10353.302734375,2978.7099609375,1506.199951171875,98.38999938964844
673,2019-09-09,10334.974609375,2978.429931640625,1502.199951171875,98.27999877929688
674,2019-09-10,10115.9755859375,2979.389892578125,1490.300048828125,98.33000183105469
675,2019-09-11,10178.3720703125,3000.929931640625,1494.4000244140625,98.6500015258789
676,2019-09-12,10410.126953125,3009.570068359375,1498.699951171875,98.30999755859375
677,2019-09-13,10360.546875,3007.389892578125,1490.9000244140625,98.26000213623047
678,2019-09-16,10276.7939453125,2997.9599609375,1503.0999755859375,98.6500015258789
679,2019-09-17,10241.2724609375,3005.699951171875,1505.0999755859375,98.26000213623047
680,2019-09-18,10198.248046875,3006.72998046875,1507.5,98.5999984741211
681,2019-09-19,10266.4150390625,3006.7900390625,1498.4000244140625,98.2699966430664
682,2019-09-20,10181.6416015625,2992.070068359375,1507.300048828125,98.51000213623047
683,2019-09-23,9729.32421875,2991.780029296875,1523.699951171875,98.5999984741211
684,2019-09-24,8620.56640625,2966.60009765625,1532.0999755859375,98.33999633789062
685,2019-09-25,8486.9931640625,2984.8701171875,1504.5999755859375,99.04000091552734
686,2019-09-26,8118.9677734375,2977.6201171875,1507.5,99.20999908447266
687,2019-09-27,8251.845703125,2961.7900390625,1499.0999755859375,99.11000061035156
688,2019-09-30,8293.8681640625,2976.739990234375,1465.699951171875,99.37999725341797
689,2019-10-01,8343.2763671875,2940.25,1482.0,99.12999725341797
690,2019-10-02,8393.0419921875,2887.610107421875,1501.0,99.04000091552734
691,2019-10-03,8259.9921875,2910.6298828125,1507.0999755859375,98.86000061035156
692,2019-10-04,8205.939453125,2952.010009765625,1506.199951171875,98.80999755859375
693,2019-10-07,8245.623046875,2938.7900390625,1497.699951171875,98.98999786376953
694,2019-10-08,8228.783203125,2893.06005859375,1497.199951171875,99.13999938964844
695,2019-10-09,8595.740234375,2919.39990234375,1506.0999755859375,99.12000274658203
696,2019-10-10,8586.4736328125,2938.1298828125,1494.800048828125,98.70999908447266
697,2019-10-11,8321.7568359375,2970.27001953125,1482.699951171875,98.30000305175781
698,2019-10-14,8374.6865234375,2966.14990234375,1491.699951171875,98.44999694824219
699,2019-10-15,8205.369140625,2995.679931640625,1477.5999755859375,98.29000091552734
700,2019-10-16,8047.52685546875,2989.68994140625,1488.0,98.01000213623047
701,2019-10-17,8103.9111328125,2997.949951171875,1492.300048828125,97.61000061035156
702,2019-10-18,7973.20751953125,2986.199951171875,1488.199951171875,97.27999877929688
703,2019-10-21,8243.720703125,3006.719970703125,1482.4000244140625,97.33000183105469
704,2019-10-22,8078.203125,2995.989990234375,1481.699951171875,97.52999877929688
705,2019-10-23,7514.671875,3004.52001953125,1489.9000244140625,97.47000122070312
706,2019-10-24,7493.48876953125,3010.2900390625,1498.9000244140625,97.62999725341797
707,2019-10-25,8660.7001953125,3022.550048828125,1499.5,97.83000183105469
708,2019-10-28,9256.1484375,3039.419921875,1490.0,97.76000213623047
709,2019-10-29,9427.6875,3036.889892578125,1487.0,97.69000244140625
710,2019-10-30,9205.7265625,3046.77001953125,1493.199951171875,97.6500015258789
711,2019-10-31,9199.5849609375,3037.56005859375,1511.4000244140625,97.3499984741211
712,2019-11-01,9261.1044921875,3066.909912109375,1508.0,97.23999786376953
713,2019-11-04,9412.6123046875,3078.27001953125,1508.0,97.51000213623047
714,2019-11-05,9342.52734375,3074.6201171875,1480.800048828125,97.9800033569336
715,2019-11-06,9360.8798828125,3076.780029296875,1490.199951171875,97.94999694824219
716,2019-11-07,9267.5615234375,3085.179931640625,1464.199951171875,98.13999938964844
717,2019-11-08,8804.880859375,3093.080078125,1461.300048828125,98.3499984741211
718,2019-11-11,8757.7880859375,3087.010009765625,1455.5,98.19999694824219
719,2019-11-12,8815.662109375,3091.840087890625,1452.0999755859375,98.30999755859375
720,2019-11-13,8808.2626953125,3094.0400390625,1461.699951171875,98.37000274658203
721,2019-11-14,8708.0947265625,3096.6298828125,1471.800048828125,98.16000366210938
722,2019-11-15,8491.9921875,3120.4599609375,1467.300048828125,98.0
723,2019-11-18,8309.2861328125,3122.030029296875,1470.9000244140625,97.79000091552734
724,2019-11-19,8206.1455078125,3120.179931640625,1473.300048828125,97.86000061035156
725,2019-11-20,8027.26806640625,3108.4599609375,1473.300048828125,97.93000030517578
726,2019-11-21,7642.75,3103.5400390625,1463.0999755859375,97.98999786376953
727,2019-11-22,7296.57763671875,3110.2900390625,1463.0999755859375,98.2699966430664
728,2019-11-25,7146.1337890625,3133.639892578125,1456.5999755859375,98.31999969482422
729,2019-11-26,7218.37109375,3140.52001953125,1459.800048828125,98.25
730,2019-11-27,7531.66357421875,3153.6298828125,1453.4000244140625,98.41000366210938
731,2019-11-29,7761.24365234375,3140.97998046875,1465.5999755859375,98.2699966430664
732,2019-12-02,7321.98828125,3113.8701171875,1462.300048828125,97.86000061035156
733,2019-12-03,7320.1455078125,3093.199951171875,1478.199951171875,97.73999786376953
734,2019-12-04,7252.03466796875,3112.760009765625,1474.0,97.6500015258789
735,2019-12-05,7448.3076171875,3117.429931640625,1476.9000244140625,97.41000366210938
736,2019-12-06,7546.99658203125,3145.909912109375,1459.0999755859375,97.69999694824219
737,2019-12-09,7400.8994140625,3135.9599609375,1459.300048828125,97.63999938964844
738,2019-12-10,7278.11962890625,3132.52001953125,1462.5999755859375,97.41000366210938
739,2019-12-11,7217.42724609375,3141.6298828125,1469.4000244140625,97.16000366210938
740,2019-12-12,7243.13427734375,3168.570068359375,1466.699951171875,97.4000015258789
741,2019-12-13,7269.6845703125,3168.800048828125,1475.5999755859375,97.16999816894531
742,2019-12-16,6932.48046875,3191.449951171875,1475.0,97.06999969482422
743,2019-12-17,6640.51513671875,3192.52001953125,1474.5999755859375,97.20999908447266
744,2019-12-18,7276.802734375,3191.139892578125,1472.5999755859375,97.41000366210938
745,2019-12-19,7202.84423828125,3205.3701171875,1478.199951171875,97.41999816894531
746,2019-12-20,7218.81640625,3221.219970703125,1474.699951171875,97.70999908447266
747,2019-12-23,7355.62841796875,3224.010009765625,1482.5,97.66000366210938
748,2019-12-24,7322.5322265625,3223.3798828125,1499.0999755859375,97.6500015258789
749,2019-12-26,7238.966796875,3239.909912109375,1509.300048828125,97.58999633789062
750,2019-12-27,7290.08837890625,3240.02001953125,1513.800048828125,96.91999816894531
751,2019-12-30,7292.9951171875,3221.2900390625,1514.5,96.73999786376953
752,2019-12-31,7193.59912109375,3230.780029296875,1519.5,96.38999938964844
753,2020-01-02,6985.47021484375,3257.85009765625,1524.5,96.8499984741211
754,2020-01-03,7344.88427734375,3234.85009765625,1549.199951171875,96.83999633789062
755,2020-01-06,7769.21923828125,3246.280029296875,1566.199951171875,96.66999816894531
756,2020-01-07,8163.6923828125,3237.179931640625,1571.800048828125,96.9800033569336
757,2020-01-08,8079.86279296875,3253.050048828125,1557.4000244140625,97.30000305175781
758,2020-01-09,7879.0712890625,3274.699951171875,1551.699951171875,97.44999694824219
759,2020-01-10,8166.55419921875,3265.35009765625,1557.5,97.36000061035156
760,2020-01-13,8144.1943359375,3288.1298828125,1548.4000244140625,97.3499984741211
761,2020-01-14,8827.7646484375,3283.14990234375,1542.4000244140625,97.37000274658203
762,2020-01-15,8807.0107421875,3289.2900390625,1552.0999755859375,97.2300033569336
763,2020-01-16,8723.7861328125,3316.81005859375,1549.0,97.31999969482422
764,2020-01-17,8929.0380859375,3329.6201171875,1558.800048828125,97.61000061035156
765,2020-01-21,8745.89453125,3320.7900390625,1556.4000244140625,97.52999877929688
766,2020-01-22,8680.8759765625,3321.75,1555.300048828125,97.52999877929688
767,2020-01-23,8406.515625,3325.5400390625,1564.5999755859375,97.69000244140625
768,2020-01-24,8445.4345703125,3295.469970703125,1571.0999755859375,97.8499984741211
769,2020-01-27,8909.8193359375,3243.6298828125,1576.800048828125,97.95999908447266
770,2020-01-28,9358.58984375,3276.239990234375,1569.199951171875,98.0199966430664
771,2020-01-29,9316.6298828125,3273.39990234375,1569.800048828125,97.98999786376953
772,2020-01-30,9508.9931640625,3283.659912109375,1583.5,97.87000274658203
773,2020-01-31,9350.529296875,3225.52001953125,1582.9000244140625,97.38999938964844
774,2020-02-03,9293.521484375,3248.919921875,1577.199951171875,97.80000305175781
775,2020-02-04,9180.962890625,3297.590087890625,1550.4000244140625,97.95999908447266
776,2020-02-05,9613.423828125,3334.68994140625,1557.800048828125,98.2699966430664
777,2020-02-06,9729.8017578125,3345.780029296875,1565.0999755859375,98.5
778,2020-02-07,9795.943359375,3327.7099609375,1568.5999755859375,98.68000030517578
779,2020-02-10,9856.611328125,3352.090087890625,1574.699951171875,98.83000183105469
780,2020-02-11,10208.236328125,3357.75,1565.5999755859375,98.72000122070312
781,2020-02-12,10326.0546875,3379.449951171875,1567.4000244140625,99.05000305175781
782,2020-02-13,10214.3798828125,3373.93994140625,1575.0999755859375,99.06999969482422
783,2020-02-14,10312.1162109375,3380.159912109375,1582.699951171875,99.12000274658203
784,2020-02-18,10141.99609375,3370.2900390625,1600.0,99.45999908447266
785,2020-02-19,9633.38671875,3386.14990234375,1607.5,99.5999984741211
786,2020-02-20,9608.4755859375,3373.22998046875,1616.5999755859375,99.87000274658203
787,2020-02-21,9686.44140625,3337.75,1644.5999755859375,99.26000213623047
788,2020-02-24,9650.1748046875,3225.889892578125,1672.4000244140625,99.29000091552734
789,2020-02-25,9341.705078125,3128.2099609375,1646.9000244140625,98.97000122070312
790,2020-02-26,8820.5224609375,3116.389892578125,1640.0,99.0
791,2020-02-27,8784.494140625,2978.760009765625,1640.0,98.44000244140625
792,2020-02-28,8672.455078125,2954.219970703125,1564.0999755859375,98.12999725341797
793,2020-03-02,8869.669921875,3090.22998046875,1592.300048828125,97.36000061035156
794,2020-03-03,8787.7861328125,3003.3701171875,1642.0999755859375,97.1500015258789
795,2020-03-04,8755.24609375,3130.1201171875,1641.0999755859375,97.33999633789062
796,2020-03-05,9078.7626953125,3023.93994140625,1666.4000244140625,96.81999969482422
797,2020-03-06,9122.5458984375,2972.3701171875,1670.800048828125,95.94999694824219
798,2020-03-09,7923.64453125,2746.56005859375,1674.5,94.9000015258789
799,2020-03-10,7909.7294921875,2882.22998046875,1659.0999755859375,96.41000366210938
